Region,Province,CityMunicipality,ZipCode
Cordillera Administrative Region (Car),Abra,Bangued (Capital),2800
Cordillera Administrative Region (Car),Abra,Boliney,2815
Cordillera Administrative Region (Car),Abra,Bucay,2805
Cordillera Administrative Region (Car),Abra,Bucloc,2817
Cordillera Administrative Region (Car),Abra,Daguioman,2816
Cordillera Administrative Region (Car),Abra,Danglas,2825
Cordillera Administrative Region (Car),Abra,Dolores,2801
Cordillera Administrative Region (Car),Abra,La Paz,2826
Cordillera Administrative Region (Car),Abra,Lacub,2821
Cordillera Administrative Region (Car),Abra,Lagangilang,2802
Cordillera Administrative Region (Car),Abra,Lagayan,2824
Cordillera Administrative Region (Car),Abra,Langiden,2807
Cordillera Administrative Region (Car),Abra,Licuan-Baay (Licuan),2819
Cordillera Administrative Region (Car),Abra,Luba,2813
Cordillera Administrative Region (Car),Abra,Malibcong,2820
Cordillera Administrative Region (Car),Abra,Manabo,2810
Cordillera Administrative Region (Car),Abra,Peńarrubia,2804
Cordillera Administrative Region (Car),Abra,Pidigan,2806
Cordillera Administrative Region (Car),Abra,Pilar,2812
Cordillera Administrative Region (Car),Abra,San Isidro,2809
Cordillera Administrative Region (Car),Abra,San Juan,2823
Cordillera Administrative Region (Car),Abra,San Quintin,2808
Cordillera Administrative Region (Car),Abra,Tayum,2803
Cordillera Administrative Region (Car),Abra,Tineg,2822
Cordillera Administrative Region (Car),Abra,Tubo,2814
Cordillera Administrative Region (Car),Abra,VIllaviciosa,2811
Cordillera Administrative Region (Car),Abra,Sallapadan,2818
Region XIii (Caraga),Agusan del Norte,Buenavista,8601
Region XIii (Caraga),Agusan del Norte,Butuan City (Capital),8600
Region XIii (Caraga),Agusan del Norte,City Of Cabadbaran,8605
Region XIii (Caraga),Agusan del Norte,Carmen,8603
Region XIii (Caraga),Agusan del Norte,Jabonga,8607
Region XIii (Caraga),Agusan del Norte,Kitcharao,8609
Region XIii (Caraga),Agusan del Norte,Las Nieves,8610
Region XIii (Caraga),Agusan del Norte,Magallanes,8604
Region XIii (Caraga),Agusan del Norte,Nasipit,8602
Region XIii (Caraga),Agusan del Norte,Santiago,8608
Region XIii (Caraga),Agusan del Norte,Tubay,8606
Region XIii (Caraga),Agusan del Norte,Remedios T. Romualdez,8611
Region XIii (Caraga),Agusan del Sur,City Of Bayugan,8502
Region XIii (Caraga),Agusan del Sur,Bunawan,8506
Region XIii (Caraga),Agusan del Sur,Esperanza,8513
Region XIii (Caraga),Agusan del Sur,La Paz,8508
Region XIii (Caraga),Agusan del Sur,Loreto,8507
Region XIii (Caraga),Agusan del Sur,Prosperidad (Capital),8500
Region XIii (Caraga),Agusan del Sur,Rosario,8504
Region XIii (Caraga),Agusan del Sur,San Francisco,8501
Region XIii (Caraga),Agusan del Sur,San Luis,8511
Region XIii (Caraga),Agusan del Sur,Talacogon,8510
Region XIii (Caraga),Agusan del Sur,Trento,8505
Region XIii (Caraga),Agusan del Sur,Veruela,8509
Region XIii (Caraga),Agusan del Sur,Sibagat,8503
Region XIii (Caraga),Agusan del Sur,Santa Josefa,8512
Region VI (Western VIsayas),Aklan,Altavas,5616
Region VI (Western VIsayas),Aklan,Balete,5614
Region VI (Western VIsayas),Aklan,Banga,5601
Region VI (Western VIsayas),Aklan,Batan,5615
Region VI (Western VIsayas),Aklan,Buruanga,5609
Region VI (Western VIsayas),Aklan,Ibajay,5613
Region VI (Western VIsayas),Aklan,Kalibo (Capital),5600
Region VI (Western VIsayas),Aklan,Lezo,5605
Region VI (Western VIsayas),Aklan,Libacao,5602
Region VI (Western VIsayas),Aklan,Madalag,5603
Region VI (Western VIsayas),Aklan,Makato,5611
Region VI (Western VIsayas),Aklan,Malay,5608
Region VI (Western VIsayas),Aklan,Malinao,5606
Region VI (Western VIsayas),Aklan,Nabas,5607
Region VI (Western VIsayas),Aklan,New Washington,5610
Region VI (Western VIsayas),Aklan,Numancia,5604
Region VI (Western VIsayas),Aklan,Tangalan,5612
Region V (Bicol Region),Albay,Bacacay,4509
Region V (Bicol Region),Albay,Camalig,4502
Region V (Bicol Region),Albay,Daraga (Locsin),4501
Region V (Bicol Region),Albay,Guinobatan,4503
Region V (Bicol Region),Albay,Jovellar,4515
Region V (Bicol Region),Albay,Legazpi City (Capital),4500
Region V (Bicol Region),Albay,Libon,4507
Region V (Bicol Region),Albay,City Of Ligao,4504
Region V (Bicol Region),Albay,Malilipot,4510
Region V (Bicol Region),Albay,Malinao,4512
Region V (Bicol Region),Albay,Manito,4514
Region V (Bicol Region),Albay,Oas,4505
Region V (Bicol Region),Albay,Pio Duran,4516
Region V (Bicol Region),Albay,Polangui,4506
Region V (Bicol Region),Albay,Rapu-Rapu,4517
Region V (Bicol Region),Albay,City Of Tabaco,4511
Region V (Bicol Region),Albay,Tiwi,4513
Region V (Bicol Region),Albay,Santo Domingo (Libog),4508
Region VI (Western VIsayas),Antique,Anini-Y,5717
Region VI (Western VIsayas),Antique,Barbaza,5706
Region VI (Western VIsayas),Antique,Belison,5701
Region VI (Western VIsayas),Antique,Bugasong,5704
Region VI (Western VIsayas),Antique,Caluya,5711
Region VI (Western VIsayas),Antique,Culasi,5708
Region VI (Western VIsayas),Antique,Tobias Fornier (Dao),5716
Region VI (Western VIsayas),Antique,Hamtic,5715
Region VI (Western VIsayas),Antique,Laua-An,5705
Region VI (Western VIsayas),Antique,Libertad,5710
Region VI (Western VIsayas),Antique,Pandan,5712
Region VI (Western VIsayas),Antique,Patnongon,5702
Region VI (Western VIsayas),Antique,San Jose (Capital),5700
Region VI (Western VIsayas),Antique,Sebaste,5709
Region VI (Western VIsayas),Antique,Sibalom,5713
Region VI (Western VIsayas),Antique,Tibiao,5707
Region VI (Western VIsayas),Antique,Valderrama,5703
Region VI (Western VIsayas),Antique,San Remigio,5714
Cordillera Administrative Region (Car),Apayao,Calanasan (Bayag),3814
Cordillera Administrative Region (Car),Apayao,Conner,3807
Cordillera Administrative Region (Car),Apayao,Flora,3810
Cordillera Administrative Region (Car),Apayao,Kabugao (Capital),3809
Cordillera Administrative Region (Car),Apayao,Luna,3813
Cordillera Administrative Region (Car),Apayao,Pudtol,3812
Cordillera Administrative Region (Car),Apayao,Santa Marcela,3811
Region III (Central Luzon),Aurora,Baler (Capital),3200
Region III (Central Luzon),Aurora,Casiguran,3204
Region III (Central Luzon),Aurora,Dilasag,3205
Region III (Central Luzon),Aurora,Dinalungan,3206
Region III (Central Luzon),Aurora,Dingalan,3207
Region III (Central Luzon),Aurora,Dipaculao,3203
Region III (Central Luzon),Aurora,Maria Aurora,3202
Region III (Central Luzon),Aurora,San Luis,3201
Autonomous Region In Muslim Mindanao (Armm),Basilan,City Of Lamitan,7302
Autonomous Region In Muslim Mindanao (Armm),Basilan,Lantawan,7301
Autonomous Region In Muslim Mindanao (Armm),Basilan,Maluso,7303
Autonomous Region In Muslim Mindanao (Armm),Basilan,Sumisip,7305
Autonomous Region In Muslim Mindanao (Armm),Basilan,Tipo-Tipo,7304
Autonomous Region In Muslim Mindanao (Armm),Basilan,Tuburan,7306
Autonomous Region In Muslim Mindanao (Armm),Basilan,Akbar,7307
Autonomous Region In Muslim Mindanao (Armm),Basilan,Al-Barka,7308
Autonomous Region In Muslim Mindanao (Armm),Basilan,Hadji Mohammad Ajul,7309
Autonomous Region In Muslim Mindanao (Armm),Basilan,Ungkaya Pukan,7311
Autonomous Region In Muslim Mindanao (Armm),Basilan,Hadji Muhtamad,7310
Autonomous Region In Muslim Mindanao (Armm),Basilan,Tabuan-Lasa,7312
Region III (Central Luzon),Bataan,Abucay,2114
Region III (Central Luzon),Bataan,Bagac,2107
Region III (Central Luzon),Bataan,City Of Balanga (Capital),2100
Region III (Central Luzon),Bataan,Dinalupihan,2110
Region III (Central Luzon),Bataan,Hermosa,2111
Region III (Central Luzon),Bataan,Limay,2103
Region III (Central Luzon),Bataan,Mariveles,2105
Region III (Central Luzon),Bataan,Morong,2108
Region III (Central Luzon),Bataan,Orani,2112
Region III (Central Luzon),Bataan,Orion,2102
Region III (Central Luzon),Bataan,Pilar,2101
Region III (Central Luzon),Bataan,Samal,2113
Region II (Cagayan Valley),Batanes,Basco (Capital),3900
Region II (Cagayan Valley),Batanes,Itbayat,3905
Region II (Cagayan Valley),Batanes,IVana,3902
Region II (Cagayan Valley),Batanes,Mahatao,3901
Region II (Cagayan Valley),Batanes,Sabtang,3904
Region II (Cagayan Valley),Batanes,Uyugan,3903
Region IV-A (CALABARZON),Batangas,Agoncillo,4211
Region IV-A (CALABARZON),Batangas,Alitagtag,4205
Region IV-A (CALABARZON),Batangas,Balayan,4213
Region IV-A (CALABARZON),Batangas,Balete,4219
Region IV-A (CALABARZON),Batangas,Batangas City (Capital),4200
Region IV-A (CALABARZON),Batangas,Bauan,4201
Region IV-A (CALABARZON),Batangas,Calaca,4212
Region IV-A (CALABARZON),Batangas,Calatagan,4215
Region IV-A (CALABARZON),Batangas,Cuenca,4222
Region IV-A (CALABARZON),Batangas,Ibaan,4230
Region IV-A (CALABARZON),Batangas,Laurel,4221
Region IV-A (CALABARZON),Batangas,Lemery,4209
Region IV-A (CALABARZON),Batangas,Lian,4216
Region IV-A (CALABARZON),Batangas,Lipa City,4217
Region IV-A (CALABARZON),Batangas,Lobo,4229
Region IV-A (CALABARZON),Batangas,Mabini,4202
Region IV-A (CALABARZON),Batangas,Malvar,4233
Region IV-A (CALABARZON),Batangas,Nasugbu,4231
Region IV-A (CALABARZON),Batangas,Padre Garcia,4224
Region IV-A (CALABARZON),Batangas,Rosario,4225
Region IV-A (CALABARZON),Batangas,San Jose,4227
Region IV-A (CALABARZON),Batangas,San Juan,4226
Region IV-A (CALABARZON),Batangas,San Luis,4210
Region IV-A (CALABARZON),Batangas,San Nicolas,4207
Region IV-A (CALABARZON),Batangas,San Pascual,4204
Region IV-A (CALABARZON),Batangas,Taal,4208
Region IV-A (CALABARZON),Batangas,Talisay,4220
Region IV-A (CALABARZON),Batangas,City Of Tanauan,4232
Region IV-A (CALABARZON),Batangas,Taysan,4228
Region IV-A (CALABARZON),Batangas,Tingloy,4203
Region IV-A (CALABARZON),Batangas,Tuy,4214
Region IV-A (CALABARZON),Batangas,Mataasnakahoy,4223
Region IV-A (CALABARZON),Batangas,Santa Teresita,4206
Region IV-A (CALABARZON),Batangas,Santo Tomas,4234
Cordillera Administrative Region (Car),Benguet,Atok,2612
Cordillera Administrative Region (Car),Benguet,Baguio City,2600
Cordillera Administrative Region (Car),Benguet,Bakun,2610
Cordillera Administrative Region (Car),Benguet,Bokod,2605
Cordillera Administrative Region (Car),Benguet,Itogon,2604
Cordillera Administrative Region (Car),Benguet,Kabayan,2606
Cordillera Administrative Region (Car),Benguet,Kapangan,2613
Cordillera Administrative Region (Car),Benguet,Kibungan,2611
Cordillera Administrative Region (Car),Benguet,La Trinidad (Capital),2601
Cordillera Administrative Region (Car),Benguet,Mankayan,2608
Cordillera Administrative Region (Car),Benguet,Sablan,2614
Cordillera Administrative Region (Car),Benguet,Tuba,2603
Cordillera Administrative Region (Car),Benguet,Tublay,2615
Cordillera Administrative Region (Car),Benguet,Buguias,2607
Region VIii (Eastern VIsayas),Biliran,Almeria,6544
Region VIii (Eastern VIsayas),Biliran,Biliran,6549
Region VIii (Eastern VIsayas),Biliran,Cabucgayan,6550
Region VIii (Eastern VIsayas),Biliran,Caibiran,6548
Region VIii (Eastern VIsayas),Biliran,Culaba,6547
Region VIii (Eastern VIsayas),Biliran,Kawayan,6545
Region VIii (Eastern VIsayas),Biliran,Maripipi,6546
Region VIii (Eastern VIsayas),Biliran,Naval (Capital),6543
Region VIi (Central VIsayas),Bohol,Alburquerque,6302
Region VIi (Central VIsayas),Bohol,Alicia,6314
Region VIi (Central VIsayas),Bohol,Anda,6311
Region VIi (Central VIsayas),Bohol,Antequera,6335
Region VIi (Central VIsayas),Bohol,Baclayon,6301
Region VIi (Central VIsayas),Bohol,Balilihan,6342
Region VIi (Central VIsayas),Bohol,Batuan,6318
Region VIi (Central VIsayas),Bohol,Bilar,6317
Region VIi (Central VIsayas),Bohol,Buenavista,6333
Region VIi (Central VIsayas),Bohol,Calape,6328
Region VIi (Central VIsayas),Bohol,Candijay,6312
Region VIi (Central VIsayas),Bohol,Carmen,6319
Region VIi (Central VIsayas),Bohol,Catigbian,6343
Region VIi (Central VIsayas),Bohol,Clarin,6330
Region VIi (Central VIsayas),Bohol,Corella,6337
Region VIi (Central VIsayas),Bohol,Cortes,6341
Region VIi (Central VIsayas),Bohol,Dagohoy,6322
Region VIi (Central VIsayas),Bohol,Danao,6344
Region VIi (Central VIsayas),Bohol,Dauis,6339
Region VIi (Central VIsayas),Bohol,Dimiao,6305
Region VIi (Central VIsayas),Bohol,Duero,6309
Region VIi (Central VIsayas),Bohol,Garcia Hernandez,6307
Region VIi (Central VIsayas),Bohol,Guindulman,6310
Region VIi (Central VIsayas),Bohol,Inabanga,6332
Region VIi (Central VIsayas),Bohol,Jagna,6308
Region VIi (Central VIsayas),Bohol,Jetafe,6334
Region VIi (Central VIsayas),Bohol,Lila,6304
Region VIi (Central VIsayas),Bohol,Loay,6303
Region VIi (Central VIsayas),Bohol,Loboc,6316
Region VIi (Central VIsayas),Bohol,Loon,6327
Region VIi (Central VIsayas),Bohol,Mabini,6313
Region VIi (Central VIsayas),Bohol,Maribojoc,6336
Region VIi (Central VIsayas),Bohol,Panglao,6340
Region VIi (Central VIsayas),Bohol,Pilar,6321
Region VIi (Central VIsayas),Bohol,Pres. Carlos P. Garcia (Pitogo),6346
Region VIi (Central VIsayas),Bohol,Sagbayan (Borja),6331
Region VIi (Central VIsayas),Bohol,San Isidro,6345
Region VIi (Central VIsayas),Bohol,San Miguel,6323
Region VIi (Central VIsayas),Bohol,Sevilla,6347
Region VIi (Central VIsayas),Bohol,Sierra Bullones,6320
Region VIi (Central VIsayas),Bohol,Sikatuna,6338
Region VIi (Central VIsayas),Bohol,Tagbilaran City (Capital),6300
Region VIi (Central VIsayas),Bohol,Talibon,6325
Region VIi (Central VIsayas),Bohol,Trinidad,6324
Region VIi (Central VIsayas),Bohol,Tubigon,6329
Region VIi (Central VIsayas),Bohol,Ubay,6315
Region VIi (Central VIsayas),Bohol,Valencia,6306
Region VIi (Central VIsayas),Bohol,Bien Unido,6326
Region X (Northern Mindanao),Bukidnon,Baungon,8707
Region X (Northern Mindanao),Bukidnon,Damulog,8721
Region X (Northern Mindanao),Bukidnon,Dangcagan,8719
Region X (Northern Mindanao),Bukidnon,Don Carlos,8712
Region X (Northern Mindanao),Bukidnon,Kadingilan,8713
Region X (Northern Mindanao),Bukidnon,Kalilangan,8718
Region X (Northern Mindanao),Bukidnon,Kibawe,8720
Region X (Northern Mindanao),Bukidnon,Kitaotao,8716
Region X (Northern Mindanao),Bukidnon,Lantapan,8722
Region X (Northern Mindanao),Bukidnon,Libona,8706
Region X (Northern Mindanao),Bukidnon,City Of Malaybalay (Capital),8700
Region X (Northern Mindanao),Bukidnon,Malitbog,8704
Region X (Northern Mindanao),Bukidnon,Manolo Fortich,8703
Region X (Northern Mindanao),Bukidnon,Maramag,8714
Region X (Northern Mindanao),Bukidnon,Pangantucan,8717
Region X (Northern Mindanao),Bukidnon,Quezon,8715
Region X (Northern Mindanao),Bukidnon,San Fernando,8711
Region X (Northern Mindanao),Bukidnon,Sumilao,8701
Region X (Northern Mindanao),Bukidnon,Talakag,8708
Region X (Northern Mindanao),Bukidnon,City Of Valencia,8709
Region X (Northern Mindanao),Bukidnon,Cabanglasan,8723
Region X (Northern Mindanao),Bukidnon,Impasug-Ong,8702
Region III (Central Luzon),Bulacan,Angat,3012
Region III (Central Luzon),Bulacan,Balagtas (Bigaa),3016
Region III (Central Luzon),Bulacan,Baliuag,3006
Region III (Central Luzon),Bulacan,Bocaue,3018
Region III (Central Luzon),Bulacan,Bulacan,3017
Region III (Central Luzon),Bulacan,Bustos,3007
Region III (Central Luzon),Bulacan,Calumpit,3003
Region III (Central Luzon),Bulacan,Guiguinto,3015
Region III (Central Luzon),Bulacan,Hagonoy,3002
Region III (Central Luzon),Bulacan,City Of Malolos (Capital),3000
Region III (Central Luzon),Bulacan,Marilao,3019
Region III (Central Luzon),Bulacan,City Of Meycauayan,3020
Region III (Central Luzon),Bulacan,Norzagaray,3013
Region III (Central Luzon),Bulacan,Obando,3021
Region III (Central Luzon),Bulacan,Pandi,3014
Region III (Central Luzon),Bulacan,Paombong,3001
Region III (Central Luzon),Bulacan,Plaridel,3004
Region III (Central Luzon),Bulacan,Pulilan,3005
Region III (Central Luzon),Bulacan,San Ildefonso,3010
Region III (Central Luzon),Bulacan,City Of San Jose Del Monte,3023
Region III (Central Luzon),Bulacan,San Miguel,3011
Region III (Central Luzon),Bulacan,San Rafael,3008
Region III (Central Luzon),Bulacan,Dońa Remedios Trinidad,3009
Region III (Central Luzon),Bulacan,Santa Maria,3022
Region II (Cagayan Valley),Cagayan,Abulug,3517
Region II (Cagayan Valley),Cagayan,Alcala,3507
Region II (Cagayan Valley),Cagayan,Allacapan,3523
Region II (Cagayan Valley),Cagayan,Amulung,3505
Region II (Cagayan Valley),Cagayan,Aparri,3515
Region II (Cagayan Valley),Cagayan,Baggao,3506
Region II (Cagayan Valley),Cagayan,Ballesteros,3516
Region II (Cagayan Valley),Cagayan,Buguey,3511
Region II (Cagayan Valley),Cagayan,Calayan,3520
Region II (Cagayan Valley),Cagayan,Camalaniugan,3510
Region II (Cagayan Valley),Cagayan,Claveria,3519
Region II (Cagayan Valley),Cagayan,Enrile,3501
Region II (Cagayan Valley),Cagayan,Gattaran,3508
Region II (Cagayan Valley),Cagayan,Gonzaga,3513
Region II (Cagayan Valley),Cagayan,Iguig,3504
Region II (Cagayan Valley),Cagayan,Lal-Lo,3509
Region II (Cagayan Valley),Cagayan,Lasam,3524
Region II (Cagayan Valley),Cagayan,Pamplona,3522
Region II (Cagayan Valley),Cagayan,Peńablanca,3502
Region II (Cagayan Valley),Cagayan,Piat,3527
Region II (Cagayan Valley),Cagayan,Rizal,3526
Region II (Cagayan Valley),Cagayan,Solana,3503
Region II (Cagayan Valley),Cagayan,Tuao,3528
Region II (Cagayan Valley),Cagayan,Tuguegarao City (Capital),3500
Region II (Cagayan Valley),Cagayan,Sanchez-Mira,3518
Region II (Cagayan Valley),Cagayan,Santa Ana,3514
Region II (Cagayan Valley),Cagayan,Santa Praxedes,3521
Region II (Cagayan Valley),Cagayan,Santa Teresita,3512
Region II (Cagayan Valley),Cagayan,Santo Nińo (Faire),3525
Region V (Bicol Region),Camarines Norte,Basud,4608
Region V (Bicol Region),Camarines Norte,Capalonga,4607
Region V (Bicol Region),Camarines Norte,Daet (Capital),4600
Region V (Bicol Region),Camarines Norte,San Lorenzo Ruiz (Imelda),4610
Region V (Bicol Region),Camarines Norte,Jose Panganiban,4606
Region V (Bicol Region),Camarines Norte,Labo,4604
Region V (Bicol Region),Camarines Norte,Mercedes,4601
Region V (Bicol Region),Camarines Norte,Paracale,4605
Region V (Bicol Region),Camarines Norte,San VIcente,4609
Region V (Bicol Region),Camarines Norte,Talisay,4602
Region V (Bicol Region),Camarines Norte,VInzons,4603
Region V (Bicol Region),Camarines Norte,Santa Elena,4611
Region V (Bicol Region),Camarines Sur,Baao,4432
Region V (Bicol Region),Camarines Sur,Balatan,4436
Region V (Bicol Region),Camarines Sur,Bato,4435
Region V (Bicol Region),Camarines Sur,Bombon,4404
Region V (Bicol Region),Camarines Sur,Buhi,4433
Region V (Bicol Region),Camarines Sur,Bula,4430
Region V (Bicol Region),Camarines Sur,Cabusao,4406
Region V (Bicol Region),Camarines Sur,Calabanga,4405
Region V (Bicol Region),Camarines Sur,Camaligan,4401
Region V (Bicol Region),Camarines Sur,Canaman,4402
Region V (Bicol Region),Camarines Sur,Caramoan,4429
Region V (Bicol Region),Camarines Sur,Del Gallego,4411
Region V (Bicol Region),Camarines Sur,Gainza,4412
Region V (Bicol Region),Camarines Sur,Garchitorena,4428
Region V (Bicol Region),Camarines Sur,Goa,4422
Region V (Bicol Region),Camarines Sur,Iriga City,4431
Region V (Bicol Region),Camarines Sur,Lagonoy,4425
Region V (Bicol Region),Camarines Sur,Libmanan,4407
Region V (Bicol Region),Camarines Sur,Lupi,4409
Region V (Bicol Region),Camarines Sur,Magarao,4403
Region V (Bicol Region),Camarines Sur,Milaor,4413
Region V (Bicol Region),Camarines Sur,Minalabac,4414
Region V (Bicol Region),Camarines Sur,Nabua,4434
Region V (Bicol Region),Camarines Sur,Naga City,4400
Region V (Bicol Region),Camarines Sur,Ocampo,4419
Region V (Bicol Region),Camarines Sur,Pamplona,4416
Region V (Bicol Region),Camarines Sur,Pasacao,4417
Region V (Bicol Region),Camarines Sur,Pili (Capital),4418
Region V (Bicol Region),Camarines Sur,Presentacion (Parubcan),4424
Region V (Bicol Region),Camarines Sur,Ragay,4410
Region V (Bicol Region),Camarines Sur,San Fernando,4415
Region V (Bicol Region),Camarines Sur,San Jose,4423
Region V (Bicol Region),Camarines Sur,Sipocot,4408
Region V (Bicol Region),Camarines Sur,Siruma,4427
Region V (Bicol Region),Camarines Sur,Tigaon,4420
Region V (Bicol Region),Camarines Sur,Tinambac,4426
Region V (Bicol Region),Camarines Sur,Sagńay,4421
Region X (Northern Mindanao),Camiguin,Catarman,9104
Region X (Northern Mindanao),Camiguin,Guinsiliban,9102
Region X (Northern Mindanao),Camiguin,Mahinog,9101
Region X (Northern Mindanao),Camiguin,Mambajao (Capital),9100
Region X (Northern Mindanao),Camiguin,Sagay,9103
Region VI (Western VIsayas),Capiz,Cuartero,5811
Region VI (Western VIsayas),Capiz,Dao,5810
Region VI (Western VIsayas),Capiz,Dumalag,5813
Region VI (Western VIsayas),Capiz,Dumarao,5812
Region VI (Western VIsayas),Capiz,IVIsan,5805
Region VI (Western VIsayas),Capiz,Jamindan,5808
Region VI (Western VIsayas),Capiz,Ma-Ayon,5809
Region VI (Western VIsayas),Capiz,Mambusao,5807
Region VI (Western VIsayas),Capiz,Panay,5801
Region VI (Western VIsayas),Capiz,Panitan,5815
Region VI (Western VIsayas),Capiz,Pilar,5804
Region VI (Western VIsayas),Capiz,Pontevedra,5802
Region VI (Western VIsayas),Capiz,Roxas City (Capital),5800
Region VI (Western VIsayas),Capiz,Sigma,5816
Region VI (Western VIsayas),Capiz,Tapaz,5814
Region VI (Western VIsayas),Capiz,President Roxas,5803
Region VI (Western VIsayas),Capiz,Sapi-An,5806
Region V (Bicol Region),Catanduanes,Bagamanoc,4807
Region V (Bicol Region),Catanduanes,Baras,4803
Region V (Bicol Region),Catanduanes,Bato,4801
Region V (Bicol Region),Catanduanes,Caramoran,4808
Region V (Bicol Region),Catanduanes,Gigmoto,4804
Region V (Bicol Region),Catanduanes,Pandan,4809
Region V (Bicol Region),Catanduanes,Panganiban (Payo),4806
Region V (Bicol Region),Catanduanes,San Andres (Calolbon),4810
Region V (Bicol Region),Catanduanes,San Miguel,4802
Region V (Bicol Region),Catanduanes,VIga,4805
Region V (Bicol Region),Catanduanes,VIrac (Capital),4800
Region IV-A (CALABARZON),Cavite,Alfonso,4123
Region IV-A (CALABARZON),Cavite,Amadeo,4119
Region IV-A (CALABARZON),Cavite,Carmona,4116
Region IV-A (CALABARZON),Cavite,Cavite City,4100
Region IV-A (CALABARZON),Cavite,City Of Dasmarińas,4114
Region IV-A (CALABARZON),Cavite,Indang,4122
Region IV-A (CALABARZON),Cavite,Kawit,4104
Region IV-A (CALABARZON),Cavite,Magallanes,4113
Region IV-A (CALABARZON),Cavite,Maragondon,4112
Region IV-A (CALABARZON),Cavite,Mendez (Mendez-Nuńez),4121
Region IV-A (CALABARZON),Cavite,Naic,4110
Region IV-A (CALABARZON),Cavite,Noveleta,4105
Region IV-A (CALABARZON),Cavite,Rosario,4106
Region IV-A (CALABARZON),Cavite,Silang,4118
Region IV-A (CALABARZON),Cavite,Tanza,4108
Region IV-A (CALABARZON),Cavite,Ternate,4111
Region IV-A (CALABARZON),Cavite,Gen. Mariano Alvarez,4117
Region IV-A (CALABARZON),Cavite,Bacoor City,4102
Region IV-A (CALABARZON),Cavite,General Emilio Aguinaldo,4124
Region IV-A (CALABARZON),Cavite,General Trias,4107
Region IV-A (CALABARZON),Cavite,Imus City,4103
Region IV-A (CALABARZON),Cavite,Tagaytay City,4120
Region IV-A (CALABARZON),Cavite,Trece Martires City (Capital),4109
Region VIi (Central VIsayas),Cebu,Alcantara,6033
Region VIi (Central VIsayas),Cebu,Alcoy,6023
Region VIi (Central VIsayas),Cebu,Alegria,6030
Region VIi (Central VIsayas),Cebu,Aloguinsan,6040
Region VIi (Central VIsayas),Cebu,Argao,6021
Region VIi (Central VIsayas),Cebu,Asturias,6042
Region VIi (Central VIsayas),Cebu,Badian,6031
Region VIi (Central VIsayas),Cebu,Balamban,6041
Region VIi (Central VIsayas),Cebu,Bantayan,6052
Region VIi (Central VIsayas),Cebu,Barili,6036
Region VIi (Central VIsayas),Cebu,City Of Bogo,6010
Region VIi (Central VIsayas),Cebu,Boljoon,6024
Region VIi (Central VIsayas),Cebu,Borbon,6008
Region VIi (Central VIsayas),Cebu,City Of Carcar,6019
Region VIi (Central VIsayas),Cebu,Carmen,6005
Region VIi (Central VIsayas),Cebu,Catmon,6006
Region VIi (Central VIsayas),Cebu,Cebu City (Capital),6000
Region VIi (Central VIsayas),Cebu,Compostela,6003
Region VIi (Central VIsayas),Cebu,Consolacion,6001
Region VIi (Central VIsayas),Cebu,Cordova,6017
Region VIi (Central VIsayas),Cebu,Dalaguete,6022
Region VIi (Central VIsayas),Cebu,Danao City,6004
Region VIi (Central VIsayas),Cebu,Dumanjug,6035
Region VIi (Central VIsayas),Cebu,Ginatilan,6028
Region VIi (Central VIsayas),Cebu,Lapu-Lapu City (Opon),6015
Region VIi (Central VIsayas),Cebu,Liloan,6002
Region VIi (Central VIsayas),Cebu,Madridejos,6053
Region VIi (Central VIsayas),Cebu,Malabuyoc,6029
Region VIi (Central VIsayas),Cebu,Mandaue City,6014
Region VIi (Central VIsayas),Cebu,Medellin,6012
Region VIi (Central VIsayas),Cebu,Minglanilla,6046
Region VIi (Central VIsayas),Cebu,Moalboal,6032
Region VIi (Central VIsayas),Cebu,City Of Naga,6037
Region VIi (Central VIsayas),Cebu,Oslob,6025
Region VIi (Central VIsayas),Cebu,Pilar,6048
Region VIi (Central VIsayas),Cebu,Poro,6049
Region VIi (Central VIsayas),Cebu,Ronda,6034
Region VIi (Central VIsayas),Cebu,Samboan,6027
Region VIi (Central VIsayas),Cebu,San Fernando,6018
Region VIi (Central VIsayas),Cebu,San Francisco,6050
Region VIi (Central VIsayas),Cebu,Santa Fe,6047
Region VIi (Central VIsayas),Cebu,Santander,6026
Region VIi (Central VIsayas),Cebu,Sibonga,6020
Region VIi (Central VIsayas),Cebu,Sogod,6007
Region VIi (Central VIsayas),Cebu,Tabogon,6009
Region VIi (Central VIsayas),Cebu,Tabuelan,6044
Region VIi (Central VIsayas),Cebu,City Of Talisay,6045
Region VIi (Central VIsayas),Cebu,Toledo City,6038
Region VIi (Central VIsayas),Cebu,Tuburan,6043
Region VIi (Central VIsayas),Cebu,Tudela,6051
Region VIi (Central VIsayas),Cebu,Daanbantayan,6013
Region VIi (Central VIsayas),Cebu,Pinamungahan,6039
Region VIi (Central VIsayas),Cebu,San Remigio,6011
Region IX (Zamboanga Peninsula),City Of Isabela,City Of Isabela,7300
Region XI (Davao Region),Compostela Valley,Compostela,8803
Region XI (Davao Region),Compostela Valley,Laak (San VIcente),8810
Region XI (Davao Region),Compostela Valley,Mabini (Dońa Alicia),8807
Region XI (Davao Region),Compostela Valley,Maco,8806
Region XI (Davao Region),Compostela Valley,Maragusan (San Mariano),8808
Region XI (Davao Region),Compostela Valley,Mawab,8802
Region XI (Davao Region),Compostela Valley,Monkayo,8805
Region XI (Davao Region),Compostela Valley,Montevista,8801
Region XI (Davao Region),Compostela Valley,Nabunturan (Capital),8800
Region XI (Davao Region),Compostela Valley,New Bataan,8804
Region XI (Davao Region),Compostela Valley,Pantukan,8809
Region XIi (SOCCSKSARGEN),Cotabato (North Cotabato),Alamada,9413
Region XIi (SOCCSKSARGEN),Cotabato (North Cotabato),Carmen,9408
Region XIi (SOCCSKSARGEN),Cotabato (North Cotabato),Kabacan,9407
Region XIi (SOCCSKSARGEN),Cotabato (North Cotabato),City Of Kidapawan (Capital),9400
Region XIi (SOCCSKSARGEN),Cotabato (North Cotabato),Libungan,9411
Region XIi (SOCCSKSARGEN),Cotabato (North Cotabato),Magpet,9404
Region XIi (SOCCSKSARGEN),Cotabato (North Cotabato),Makilala,9401
Region XIi (SOCCSKSARGEN),Cotabato (North Cotabato),Matalam,9406
Region XIi (SOCCSKSARGEN),Cotabato (North Cotabato),Midsayap,9410
Region XIi (SOCCSKSARGEN),Cotabato (North Cotabato),M'Lang,9402
Region XIi (SOCCSKSARGEN),Cotabato (North Cotabato),Pigkawayan,9412
Region XIi (SOCCSKSARGEN),Cotabato (North Cotabato),Pikit,9409
Region XIi (SOCCSKSARGEN),Cotabato (North Cotabato),President Roxas,9405
Region XIi (SOCCSKSARGEN),Cotabato (North Cotabato),Tulunan,9403
Region XIi (SOCCSKSARGEN),Cotabato (North Cotabato),Antipas,9414
Region XIi (SOCCSKSARGEN),Cotabato (North Cotabato),Banisilan,9415
Region XIi (SOCCSKSARGEN),Cotabato (North Cotabato),Aleosan,9416
Region XIi (SOCCSKSARGEN),Cotabato (North Cotabato),Arakan,9417
Region XIi (SOCCSKSARGEN),Cotabato City,Cotabato City,9600
Region XI (Davao Region),Davao del Norte,Asuncion (Saug),8102
Region XI (Davao Region),Davao del Norte,Carmen,8101
Region XI (Davao Region),Davao del Norte,Kapalong,8113
Region XI (Davao Region),Davao del Norte,New Corella,8104
Region XI (Davao Region),Davao del Norte,City Of Panabo,8105
Region XI (Davao Region),Davao del Norte,Santo Tomas,8112
Region XI (Davao Region),Davao del Norte,City Of Tagum (Capital),8100
Region XI (Davao Region),Davao del Norte,Talaingod,8107
Region XI (Davao Region),Davao del Norte,Braulio E. Dujali,8106
Region XI (Davao Region),Davao del Norte,San Isidro,8121
Region XI (Davao Region),Davao del Norte,Island Garden City Of Samal,8119
Region XI (Davao Region),Davao del Sur,Bansalan,8005
Region XI (Davao Region),Davao del Sur,Davao City,8000
Region XI (Davao Region),Davao del Sur,City Of Digos (Capital),8002
Region XI (Davao Region),Davao del Sur,Hagonoy,8006
Region XI (Davao Region),Davao del Sur,Kiblawan,8008
Region XI (Davao Region),Davao del Sur,Magsaysay,8004
Region XI (Davao Region),Davao del Sur,Malalag,8010
Region XI (Davao Region),Davao del Sur,Matanao,8003
Region XI (Davao Region),Davao del Sur,Padada,8007
Region XI (Davao Region),Davao del Sur,Santa Cruz,8001
Region XI (Davao Region),Davao del Sur,Sulop,8009
Region XI (Davao Region),Davao Occidental,Don Marcelino,8013
Region XI (Davao Region),Davao Occidental,Jose Abad Santos (Trinidad),8014
Region XI (Davao Region),Davao Occidental,Malita,8012
Region XI (Davao Region),Davao Occidental,Santa Maria,8011
Region XI (Davao Region),Davao Occidental,Sarangani,8015
Region XI (Davao Region),Davao Oriental,Baganga,8204
Region XI (Davao Region),Davao Oriental,Banaybanay,8208
Region XI (Davao Region),Davao Oriental,Boston,8206
Region XI (Davao Region),Davao Oriental,Caraga,8203
Region XI (Davao Region),Davao Oriental,Cateel,8205
Region XI (Davao Region),Davao Oriental,Lupon,8207
Region XI (Davao Region),Davao Oriental,Manay,8202
Region XI (Davao Region),Davao Oriental,City Of Mati (Capital),8200
Region XI (Davao Region),Davao Oriental,San Isidro,8209
Region XI (Davao Region),Davao Oriental,Tarragona,8201
Region XI (Davao Region),Davao Oriental,Governor Generoso,8204
Region XIii (Caraga),Dinagat Islands,Basilisa (Rizal),8413
Region XIii (Caraga),Dinagat Islands,Cagdianao,8411
Region XIii (Caraga),Dinagat Islands,Dinagat,8412
Region XIii (Caraga),Dinagat Islands,Libjo (Albor),8414
Region XIii (Caraga),Dinagat Islands,Loreto,8415
Region XIii (Caraga),Dinagat Islands,San Jose (Capital),8427
Region XIii (Caraga),Dinagat Islands,Tubajon,8426
Region VIii (Eastern VIsayas),Eastern Samar,Arteche,6822
Region VIii (Eastern VIsayas),Eastern Samar,Balangiga,6812
Region VIii (Eastern VIsayas),Eastern Samar,Balangkayan,6801
Region VIii (Eastern VIsayas),Eastern Samar,City Of Borongan (Capital),6800
Region VIii (Eastern VIsayas),Eastern Samar,Can-Avid,6806
Region VIii (Eastern VIsayas),Eastern Samar,Dolores,6817
Region VIii (Eastern VIsayas),Eastern Samar,Giporlos,6811
Region VIii (Eastern VIsayas),Eastern Samar,Guiuan,6809
Region VIii (Eastern VIsayas),Eastern Samar,Hernani,6804
Region VIii (Eastern VIsayas),Eastern Samar,Jipapad,6819
Region VIii (Eastern VIsayas),Eastern Samar,Lawaan,6813
Region VIii (Eastern VIsayas),Eastern Samar,Llorente,6803
Region VIii (Eastern VIsayas),Eastern Samar,Maslog,6820
Region VIii (Eastern VIsayas),Eastern Samar,Maydolong,6802
Region VIii (Eastern VIsayas),Eastern Samar,Mercedes,6808
Region VIii (Eastern VIsayas),Eastern Samar,Oras,6818
Region VIii (Eastern VIsayas),Eastern Samar,Quinapondan,6810
Region VIii (Eastern VIsayas),Eastern Samar,Salcedo,6807
Region VIii (Eastern VIsayas),Eastern Samar,San Julian,6814
Region VIii (Eastern VIsayas),Eastern Samar,Sulat,6815
Region VIii (Eastern VIsayas),Eastern Samar,Taft,6816
Region VIii (Eastern VIsayas),Eastern Samar,General Macarthur,6805
Region VIii (Eastern VIsayas),Eastern Samar,San Policarpo,6821
Region VI (Western VIsayas),Guimaras,Buenavista,5044
Region VI (Western VIsayas),Guimaras,Jordan (Capital),5045
Region VI (Western VIsayas),Guimaras,Nueva Valencia,5046
Region VI (Western VIsayas),Guimaras,San Lorenzo,5047
Region VI (Western VIsayas),Guimaras,Sibunag,5048
Cordillera Administrative Region (Car),Ifugao,Banaue,3601
Cordillera Administrative Region (Car),Ifugao,Hungduan,3603
Cordillera Administrative Region (Car),Ifugao,Kiangan,3604
Cordillera Administrative Region (Car),Ifugao,Lagawe (Capital),3600
Cordillera Administrative Region (Car),Ifugao,Lamut,3605
Cordillera Administrative Region (Car),Ifugao,Mayoyao,3602
Cordillera Administrative Region (Car),Ifugao,Aguinaldo,3606
Cordillera Administrative Region (Car),Ifugao,Hingyon,3607
Cordillera Administrative Region (Car),Ifugao,Tinoc,3609
Cordillera Administrative Region (Car),Ifugao,Asipulo,3610
Cordillera Administrative Region (Car),Ifugao,Alfonso Lista (Potia),3608
Region I (Ilocos Region),Ilocos Norte,Adams,2922
Region I (Ilocos Region),Ilocos Norte,Bacarra,2916
Region I (Ilocos Region),Ilocos Norte,Badoc,2904
Region I (Ilocos Region),Ilocos Norte,Bangui,2920
Region I (Ilocos Region),Ilocos Norte,City Of Batac,2906
Region I (Ilocos Region),Ilocos Norte,Burgos,2918
Region I (Ilocos Region),Ilocos Norte,Carasi,2911
Region I (Ilocos Region),Ilocos Norte,Currimao,2903
Region I (Ilocos Region),Ilocos Norte,Dingras,2913
Region I (Ilocos Region),Ilocos Norte,Dumalneg,2921
Region I (Ilocos Region),Ilocos Norte,Banna (Espiritu),2908
Region I (Ilocos Region),Ilocos Norte,Laoag City (Capital),2900
Region I (Ilocos Region),Ilocos Norte,Marcos,2907
Region I (Ilocos Region),Ilocos Norte,Nueva Era,2909
Region I (Ilocos Region),Ilocos Norte,Pagudpud,2919
Region I (Ilocos Region),Ilocos Norte,Paoay,2902
Region I (Ilocos Region),Ilocos Norte,Pasuquin,2917
Region I (Ilocos Region),Ilocos Norte,Piddig,2912
Region I (Ilocos Region),Ilocos Norte,Pinili,2905
Region I (Ilocos Region),Ilocos Norte,San Nicolas,2901
Region I (Ilocos Region),Ilocos Norte,Sarrat,2914
Region I (Ilocos Region),Ilocos Norte,Solsona,2910
Region I (Ilocos Region),Ilocos Norte,VIntar,2915
Region I (Ilocos Region),Ilocos Sur,Alilem,2716
Region I (Ilocos Region),Ilocos Sur,Banayoyo,2708
Region I (Ilocos Region),Ilocos Sur,Bantay,2727
Region I (Ilocos Region),Ilocos Sur,Burgos,2724
Region I (Ilocos Region),Ilocos Sur,Cabugao,2732
Region I (Ilocos Region),Ilocos Sur,City Of Candon,2710
Region I (Ilocos Region),Ilocos Sur,Caoayan,2702
Region I (Ilocos Region),Ilocos Sur,Cervantes,2718
Region I (Ilocos Region),Ilocos Sur,Galimuyod,2709
Region I (Ilocos Region),Ilocos Sur,Gregorio Del Pilar (Concepcion),2720
Region I (Ilocos Region),Ilocos Sur,Magsingal,2730
Region I (Ilocos Region),Ilocos Sur,Nagbukel,2725
Region I (Ilocos Region),Ilocos Sur,Narvacan,2704
Region I (Ilocos Region),Ilocos Sur,Quirino (Angkaki),2721
Region I (Ilocos Region),Ilocos Sur,Salcedo (Baugen),2711
Region I (Ilocos Region),Ilocos Sur,San Emilio,2722
Region I (Ilocos Region),Ilocos Sur,San Esteban,2706
Region I (Ilocos Region),Ilocos Sur,San Ildefonso,2728
Region I (Ilocos Region),Ilocos Sur,San Juan (Lapog),2731
Region I (Ilocos Region),Ilocos Sur,San VIcente,2726
Region I (Ilocos Region),Ilocos Sur,Santa,2703
Region I (Ilocos Region),Ilocos Sur,Santa Catalina,2701
Region I (Ilocos Region),Ilocos Sur,Santa Cruz,2713
Region I (Ilocos Region),Ilocos Sur,Santa Lucia,2712
Region I (Ilocos Region),Ilocos Sur,Santa Maria,2705
Region I (Ilocos Region),Ilocos Sur,Santiago,2707
Region I (Ilocos Region),Ilocos Sur,Santo Domingo,2729
Region I (Ilocos Region),Ilocos Sur,Sigay,2719
Region I (Ilocos Region),Ilocos Sur,Sinait,2733
Region I (Ilocos Region),Ilocos Sur,Sugpon,2717
Region I (Ilocos Region),Ilocos Sur,Suyo,2715
Region I (Ilocos Region),Ilocos Sur,Tagudin,2714
Region I (Ilocos Region),Ilocos Sur,City Of VIgan (Capital),2700
Region I (Ilocos Region),Ilocos Sur,Lidlidda,2723
Region VI (Western VIsayas),Iloilo,Ajuy,5012
Region VI (Western VIsayas),Iloilo,Alimodian,5028
Region VI (Western VIsayas),Iloilo,Anilao,5009
Region VI (Western VIsayas),Iloilo,Badiangan,5033
Region VI (Western VIsayas),Iloilo,Balasan,5018
Region VI (Western VIsayas),Iloilo,Banate,5010
Region VI (Western VIsayas),Iloilo,Barotac Nuevo,5007
Region VI (Western VIsayas),Iloilo,Barotac VIejo,5011
Region VI (Western VIsayas),Iloilo,Batad,5016
Region VI (Western VIsayas),Iloilo,Bingawan,5041
Region VI (Western VIsayas),Iloilo,Cabatuan,5031
Region VI (Western VIsayas),Iloilo,Calinog,5040
Region VI (Western VIsayas),Iloilo,Carles,5019
Region VI (Western VIsayas),Iloilo,Concepcion,5013
Region VI (Western VIsayas),Iloilo,Dingle,5035
Region VI (Western VIsayas),Iloilo,Dueńas,5038
Region VI (Western VIsayas),Iloilo,Dumangas,5006
Region VI (Western VIsayas),Iloilo,Estancia,5017
Region VI (Western VIsayas),Iloilo,Guimbal,5022
Region VI (Western VIsayas),Iloilo,Igbaras,5029
Region VI (Western VIsayas),Iloilo,Iloilo City (Capital),5000
Region VI (Western VIsayas),Iloilo,Janiuay,5034
Region VI (Western VIsayas),Iloilo,Lambunao,5042
Region VI (Western VIsayas),Iloilo,Leganes,5003
Region VI (Western VIsayas),Iloilo,Lemery,5043
Region VI (Western VIsayas),Iloilo,Leon,5026
Region VI (Western VIsayas),Iloilo,Maasin,5030
Region VI (Western VIsayas),Iloilo,Miagao,5023
Region VI (Western VIsayas),Iloilo,Mina,5032
Region VI (Western VIsayas),Iloilo,New Lucena,5005
Region VI (Western VIsayas),Iloilo,Oton,5020
Region VI (Western VIsayas),Iloilo,City Of Passi,5037
Region VI (Western VIsayas),Iloilo,Pavia,5001
Region VI (Western VIsayas),Iloilo,Pototan,5008
Region VI (Western VIsayas),Iloilo,San Dionisio,5015
Region VI (Western VIsayas),Iloilo,San Enrique,5036
Region VI (Western VIsayas),Iloilo,San Joaquin,5024
Region VI (Western VIsayas),Iloilo,San Miguel,5025
Region VI (Western VIsayas),Iloilo,San Rafael,5039
Region VI (Western VIsayas),Iloilo,Santa Barbara,5002
Region VI (Western VIsayas),Iloilo,Sara,5014
Region VI (Western VIsayas),Iloilo,Tigbauan,5021
Region VI (Western VIsayas),Iloilo,Tubungan,5027
Region VI (Western VIsayas),Iloilo,Zarraga,5004
Region II (Cagayan Valley),Isabela,Alicia,3306
Region II (Cagayan Valley),Isabela,Angadanan,3307
Region II (Cagayan Valley),Isabela,Aurora,3316
Region II (Cagayan Valley),Isabela,Benito Soliven,3331
Region II (Cagayan Valley),Isabela,Burgos,3322
Region II (Cagayan Valley),Isabela,Cabagan,3328
Region II (Cagayan Valley),Isabela,Cabatuan,3315
Region II (Cagayan Valley),Isabela,City Of Cauayan,3305
Region II (Cagayan Valley),Isabela,Cordon,3312
Region II (Cagayan Valley),Isabela,Dinapigue,3336
Region II (Cagayan Valley),Isabela,Divilacan,3335
Region II (Cagayan Valley),Isabela,Echague,3309
Region II (Cagayan Valley),Isabela,Gamu,3301
Region II (Cagayan Valley),Isabela,Jones,3313
Region II (Cagayan Valley),Isabela,Luna,3304
Region II (Cagayan Valley),Isabela,Maconacon,3333
Region II (Cagayan Valley),Isabela,Delfin Albano (Magsaysay),3326
Region II (Cagayan Valley),Isabela,Mallig,3323
Region II (Cagayan Valley),Isabela,Palanan,3334
Region II (Cagayan Valley),Isabela,Quezon,3324
Region II (Cagayan Valley),Isabela,Quirino,3321
Region II (Cagayan Valley),Isabela,Ramon,3319
Region II (Cagayan Valley),Isabela,Reina Mercedes,3303
Region II (Cagayan Valley),Isabela,Roxas,3320
Region II (Cagayan Valley),Isabela,San Agustin,3314
Region II (Cagayan Valley),Isabela,San Guillermo,3308
Region II (Cagayan Valley),Isabela,San Isidro,3310
Region II (Cagayan Valley),Isabela,San Manuel,3317
Region II (Cagayan Valley),Isabela,San Mariano,3332
Region II (Cagayan Valley),Isabela,San Mateo,3318
Region II (Cagayan Valley),Isabela,San Pablo,3329
Region II (Cagayan Valley),Isabela,Tumauini,3325
Region II (Cagayan Valley),Isabela,Ilagan City (Capital),3300
Region II (Cagayan Valley),Isabela,Naguilian,3302
Region II (Cagayan Valley),Isabela,Santa Maria,3330
Region II (Cagayan Valley),Isabela,City Of Santiago,3311
Region II (Cagayan Valley),Isabela,Santo Tomas,3327
Cordillera Administrative Region (Car),Kalinga,Balbalan,3801
Cordillera Administrative Region (Car),Kalinga,Lubuagan,3802
Cordillera Administrative Region (Car),Kalinga,Pasil,3803
Cordillera Administrative Region (Car),Kalinga,Rizal (Liwan),3808
Cordillera Administrative Region (Car),Kalinga,Tanudan,3805
Cordillera Administrative Region (Car),Kalinga,Tinglayan,3804
Cordillera Administrative Region (Car),Kalinga,Pinukpuk,3806
Cordillera Administrative Region (Car),Kalinga,City Of Tabuk (Capital),3800
Region I (Ilocos Region),La Union,Agoo,2504
Region I (Ilocos Region),La Union,Aringay,2503
Region I (Ilocos Region),La Union,Bacnotan,2515
Region I (Ilocos Region),La Union,Bagulin,2512
Region I (Ilocos Region),La Union,Balaoan,2517
Region I (Ilocos Region),La Union,Bangar,2519
Region I (Ilocos Region),La Union,Bauang,2501
Region I (Ilocos Region),La Union,Burgos,2510
Region I (Ilocos Region),La Union,Caba,2502
Region I (Ilocos Region),La Union,Luna,2518
Region I (Ilocos Region),La Union,Naguilian,2511
Region I (Ilocos Region),La Union,Pugo,2508
Region I (Ilocos Region),La Union,Rosario,2506
Region I (Ilocos Region),La Union,City Of San Fernando (Capital),2500
Region I (Ilocos Region),La Union,San Gabriel,2513
Region I (Ilocos Region),La Union,San Juan,2514
Region I (Ilocos Region),La Union,Santol,2516
Region I (Ilocos Region),La Union,Sudipen,2520
Region I (Ilocos Region),La Union,Tubao,2509
Region I (Ilocos Region),La Union,Santo Tomas,2505
Region IV-A (CALABARZON),Laguna,Alaminos,4001
Region IV-A (CALABARZON),Laguna,Bay,4033
Region IV-A (CALABARZON),Laguna,City Of Bińan,4024
Region IV-A (CALABARZON),Laguna,City Of Calamba,4027
Region IV-A (CALABARZON),Laguna,Cavinti,4013
Region IV-A (CALABARZON),Laguna,Famy,4021
Region IV-A (CALABARZON),Laguna,Kalayaan,4015
Region IV-A (CALABARZON),Laguna,Liliw,4004
Region IV-A (CALABARZON),Laguna,Los Bańos,4030
Region IV-A (CALABARZON),Laguna,Luisiana,4032
Region IV-A (CALABARZON),Laguna,Lumban,4014
Region IV-A (CALABARZON),Laguna,Mabitac,4020
Region IV-A (CALABARZON),Laguna,Magdalena,4007
Region IV-A (CALABARZON),Laguna,Majayjay,4005
Region IV-A (CALABARZON),Laguna,Nagcarlan,4002
Region IV-A (CALABARZON),Laguna,Paete,4016
Region IV-A (CALABARZON),Laguna,Pagsanjan,4008
Region IV-A (CALABARZON),Laguna,Pakil,4017
Region IV-A (CALABARZON),Laguna,Pangil,4018
Region IV-A (CALABARZON),Laguna,Pila,4010
Region IV-A (CALABARZON),Laguna,Rizal,4003
Region IV-A (CALABARZON),Laguna,San Pablo City,4000
Region IV-A (CALABARZON),Laguna,City Of San Pedro,4023
Region IV-A (CALABARZON),Laguna,Siniloan,4019
Region IV-A (CALABARZON),Laguna,VIctoria,4011
Region IV-A (CALABARZON),Laguna,Cabuyao City,4025
Region IV-A (CALABARZON),Laguna,Calauan,4012
Region IV-A (CALABARZON),Laguna,Santa Cruz (Capital),4009
Region IV-A (CALABARZON),Laguna,Santa Maria,4022
Region IV-A (CALABARZON),Laguna,City Of Santa Rosa,4026
Region X (Northern Mindanao),Lanao del Norte,Bacolod,9205
Region X (Northern Mindanao),Lanao del Norte,Baloi,9217
Region X (Northern Mindanao),Lanao del Norte,Baroy,9210
Region X (Northern Mindanao),Lanao del Norte,Iligan City,9200
Region X (Northern Mindanao),Lanao del Norte,Kapatagan,9214
Region X (Northern Mindanao),Lanao del Norte,Sultan Naga Dimaporo (Karomatan),9215
Region X (Northern Mindanao),Lanao del Norte,Kauswagan,9202
Region X (Northern Mindanao),Lanao del Norte,Kolambugan,9207
Region X (Northern Mindanao),Lanao del Norte,Lala,9211
Region X (Northern Mindanao),Lanao del Norte,Linamon,9201
Region X (Northern Mindanao),Lanao del Norte,Magsaysay,9221
Region X (Northern Mindanao),Lanao del Norte,Maigo,9206
Region X (Northern Mindanao),Lanao del Norte,Matungao,9203
Region X (Northern Mindanao),Lanao del Norte,Munai,9219
Region X (Northern Mindanao),Lanao del Norte,Nunungan,9216
Region X (Northern Mindanao),Lanao del Norte,Pantao Ragat,9208
Region X (Northern Mindanao),Lanao del Norte,Poona Piagapo,9204
Region X (Northern Mindanao),Lanao del Norte,Salvador,9212
Region X (Northern Mindanao),Lanao del Norte,Sapad,9213
Region X (Northern Mindanao),Lanao del Norte,Tagoloan,9222
Region X (Northern Mindanao),Lanao del Norte,Tangcal,9220
Region X (Northern Mindanao),Lanao del Norte,Tubod (Capital),9209
Region X (Northern Mindanao),Lanao del Norte,Pantar,9218
Autonomous Region In Muslim Mindanao (Armm),Lanao del Sur,Balabagan,9302
Autonomous Region In Muslim Mindanao (Armm),Lanao del Sur,Balindong (Watu),9318
Autonomous Region In Muslim Mindanao (Armm),Lanao del Sur,Bayang,9309
Autonomous Region In Muslim Mindanao (Armm),Lanao del Sur,Binidayan,9310
Autonomous Region In Muslim Mindanao (Armm),Lanao del Sur,Bubong,9708
Autonomous Region In Muslim Mindanao (Armm),Lanao del Sur,Butig,9305
Autonomous Region In Muslim Mindanao (Armm),Lanao del Sur,Ganassi,9311
Autonomous Region In Muslim Mindanao (Armm),Lanao del Sur,Kapai,9709
Autonomous Region In Muslim Mindanao (Armm),Lanao del Sur,Lumbatan,9307
Autonomous Region In Muslim Mindanao (Armm),Lanao del Sur,Madalum,9315
Autonomous Region In Muslim Mindanao (Armm),Lanao del Sur,Madamba,9314
Autonomous Region In Muslim Mindanao (Armm),Lanao del Sur,Malabang,9300
Autonomous Region In Muslim Mindanao (Armm),Lanao del Sur,Marantao,9711
Autonomous Region In Muslim Mindanao (Armm),Lanao del Sur,Marawi City (Capital),9700
Autonomous Region In Muslim Mindanao (Armm),Lanao del Sur,Masiu,9706
Autonomous Region In Muslim Mindanao (Armm),Lanao del Sur,Mulondo,9702
Autonomous Region In Muslim Mindanao (Armm),Lanao del Sur,Pagayawan (Tatarikan),9312
Autonomous Region In Muslim Mindanao (Armm),Lanao del Sur,Piagapo,9710
Autonomous Region In Muslim Mindanao (Armm),Lanao del Sur,Poona Bayabao (Gata),9705
Autonomous Region In Muslim Mindanao (Armm),Lanao del Sur,Pualas,9313
Autonomous Region In Muslim Mindanao (Armm),Lanao del Sur,Saguiaran,9701
Autonomous Region In Muslim Mindanao (Armm),Lanao del Sur,Tamparan,9704
Autonomous Region In Muslim Mindanao (Armm),Lanao del Sur,Taraka,9712
Autonomous Region In Muslim Mindanao (Armm),Lanao del Sur,Tubaran,9304
Autonomous Region In Muslim Mindanao (Armm),Lanao del Sur,Tugaya,9317
Autonomous Region In Muslim Mindanao (Armm),Lanao del Sur,Wao,9716
Autonomous Region In Muslim Mindanao (Armm),Lanao del Sur,Marogong,9303
Autonomous Region In Muslim Mindanao (Armm),Lanao del Sur,Calanogas,9319
Autonomous Region In Muslim Mindanao (Armm),Lanao del Sur,Maguing,9715
Autonomous Region In Muslim Mindanao (Armm),Lanao del Sur,Picong (Sultan Gumander),9301
Autonomous Region In Muslim Mindanao (Armm),Lanao del Sur,Lumbayanague,9306
Autonomous Region In Muslim Mindanao (Armm),Lanao del Sur,Bumbaran,9320
Autonomous Region In Muslim Mindanao (Armm),Lanao del Sur,Kapatagan,9322
Autonomous Region In Muslim Mindanao (Armm),Lanao del Sur,Bacolod-Kalawi (Bacolod Grande),9316
Autonomous Region In Muslim Mindanao (Armm),Lanao del Sur,Lumba-Bayabao (Maguing),9303
Autonomous Region In Muslim Mindanao (Armm),Lanao del Sur,Ditsaan-Ramain,9313
Autonomous Region In Muslim Mindanao (Armm),Lanao del Sur,Buadiposo-Buntong,9308
Autonomous Region In Muslim Mindanao (Armm),Lanao del Sur,Tagoloan II,9321
Autonomous Region In Muslim Mindanao (Armm),Lanao del Sur,Sultan Dumalondong,9305
Autonomous Region In Muslim Mindanao (Armm),Lanao del Sur,Lumbaca-Unayan,9307
Region VIii (Eastern VIsayas),Leyte,Abuyog,6510
Region VIii (Eastern VIsayas),Leyte,Alangalang,6517
Region VIii (Eastern VIsayas),Leyte,Albuera,6542
Region VIii (Eastern VIsayas),Leyte,Babatngon,6520
Region VIii (Eastern VIsayas),Leyte,Barugo,6519
Region VIii (Eastern VIsayas),Leyte,Bato,6525
Region VIii (Eastern VIsayas),Leyte,City Of Baybay,6521
Region VIii (Eastern VIsayas),Leyte,Burauen,6516
Region VIii (Eastern VIsayas),Leyte,Calubian,6534
Region VIii (Eastern VIsayas),Leyte,Capoocan,6530
Region VIii (Eastern VIsayas),Leyte,Carigara,6529
Region VIii (Eastern VIsayas),Leyte,Dagami,6515
Region VIii (Eastern VIsayas),Leyte,Dulag,6505
Region VIii (Eastern VIsayas),Leyte,Hilongos,6524
Region VIii (Eastern VIsayas),Leyte,Hindang,6523
Region VIii (Eastern VIsayas),Leyte,Inopacan,6522
Region VIii (Eastern VIsayas),Leyte,Isabel,6539
Region VIii (Eastern VIsayas),Leyte,Jaro,6527
Region VIii (Eastern VIsayas),Leyte,Javier (Bugho),6511
Region VIii (Eastern VIsayas),Leyte,Julita,6506
Region VIii (Eastern VIsayas),Leyte,Kananga,6531
Region VIii (Eastern VIsayas),Leyte,La Paz,6508
Region VIii (Eastern VIsayas),Leyte,Leyte,6533
Region VIii (Eastern VIsayas),Leyte,Macarthur,6509
Region VIii (Eastern VIsayas),Leyte,Mahaplag,6512
Region VIii (Eastern VIsayas),Leyte,Matag-Ob,6532
Region VIii (Eastern VIsayas),Leyte,Matalom,6526
Region VIii (Eastern VIsayas),Leyte,Mayorga,6507
Region VIii (Eastern VIsayas),Leyte,Merida,6540
Region VIii (Eastern VIsayas),Leyte,Ormoc City,6541
Region VIii (Eastern VIsayas),Leyte,Palo,6501
Region VIii (Eastern VIsayas),Leyte,Palompon,6538
Region VIii (Eastern VIsayas),Leyte,Pastrana,6514
Region VIii (Eastern VIsayas),Leyte,San Isidro,6535
Region VIii (Eastern VIsayas),Leyte,San Miguel,6518
Region VIii (Eastern VIsayas),Leyte,Tabango,6536
Region VIii (Eastern VIsayas),Leyte,Tabontabon,6504
Region VIii (Eastern VIsayas),Leyte,Tacloban City (Capital),6500
Region VIii (Eastern VIsayas),Leyte,Tanauan,6502
Region VIii (Eastern VIsayas),Leyte,Tolosa,6503
Region VIii (Eastern VIsayas),Leyte,Tunga,6528
Region VIii (Eastern VIsayas),Leyte,VIllaba,6537
Region VIii (Eastern VIsayas),Leyte,Santa Fe,6513
Autonomous Region In Muslim Mindanao (Armm),Maguindanao,Ampatuan,9609
Autonomous Region In Muslim Mindanao (Armm),Maguindanao,Buldon,9615
Autonomous Region In Muslim Mindanao (Armm),Maguindanao,Buluan,9616
Autonomous Region In Muslim Mindanao (Armm),Maguindanao,Datu Paglas,9617
Autonomous Region In Muslim Mindanao (Armm),Maguindanao,Datu Piang,9607
Autonomous Region In Muslim Mindanao (Armm),Maguindanao,Datu Odin Sinsuat (Dinaig),9601
Autonomous Region In Muslim Mindanao (Armm),Maguindanao,Shariff Aguak (Maganoy) (Capital),9608
Autonomous Region In Muslim Mindanao (Armm),Maguindanao,Matanog,9613
Autonomous Region In Muslim Mindanao (Armm),Maguindanao,Pagalungan,9610
Autonomous Region In Muslim Mindanao (Armm),Maguindanao,Parang,9604
Autonomous Region In Muslim Mindanao (Armm),Maguindanao,Sultan Kudarat (Nuling),9605
Autonomous Region In Muslim Mindanao (Armm),Maguindanao,Sultan Sa Barongis (Lambayong),9611
Autonomous Region In Muslim Mindanao (Armm),Maguindanao,Upi,9602
Autonomous Region In Muslim Mindanao (Armm),Maguindanao,Talayan,9612
Autonomous Region In Muslim Mindanao (Armm),Maguindanao,South Upi,9603
Autonomous Region In Muslim Mindanao (Armm),Maguindanao,Barira,9614
Autonomous Region In Muslim Mindanao (Armm),Maguindanao,Mamasapano,9629
Autonomous Region In Muslim Mindanao (Armm),Maguindanao,Paglat,9632
Autonomous Region In Muslim Mindanao (Armm),Maguindanao,Sultan Mastura,9636
Autonomous Region In Muslim Mindanao (Armm),Maguindanao,Guindulungan,9628
Autonomous Region In Muslim Mindanao (Armm),Maguindanao,Datu Saudi-Ampatuan,9626
Autonomous Region In Muslim Mindanao (Armm),Maguindanao,Datu Unsay,9627
Autonomous Region In Muslim Mindanao (Armm),Maguindanao,Datu Abdullah Sangki,9621
Autonomous Region In Muslim Mindanao (Armm),Maguindanao,Rajah Buayan,9634
Autonomous Region In Muslim Mindanao (Armm),Maguindanao,Datu Blah T. Sinsuat,9623
Autonomous Region In Muslim Mindanao (Armm),Maguindanao,Datu Anggal Midtimbang,9622
Autonomous Region In Muslim Mindanao (Armm),Maguindanao,Mangudadatu,9620
Autonomous Region In Muslim Mindanao (Armm),Maguindanao,Pandag,9633
Autonomous Region In Muslim Mindanao (Armm),Maguindanao,Northern Kabuntalan,9630
Autonomous Region In Muslim Mindanao (Armm),Maguindanao,Datu Hoffer Ampatuan,9624
Autonomous Region In Muslim Mindanao (Armm),Maguindanao,Datu Salibo,9625
Autonomous Region In Muslim Mindanao (Armm),Maguindanao,Shariff Saydona Mustapha,9635
Autonomous Region In Muslim Mindanao (Armm),Maguindanao,Kabuntalan (Tumbao),9606
Autonomous Region In Muslim Mindanao (Armm),Maguindanao,Gen. S. K. Pendatun,9618
Autonomous Region In Muslim Mindanao (Armm),Maguindanao,Talitay,9612
Autonomous Region In Muslim Mindanao (Armm),Maguindanao,Pagagawan,9610
Region IV-B (Mimaropa),Marinduque,Boac (Capital),4900
Region IV-B (Mimaropa),Marinduque,Buenavista,4904
Region IV-B (Mimaropa),Marinduque,Gasan,4905
Region IV-B (Mimaropa),Marinduque,Mogpog,4901
Region IV-B (Mimaropa),Marinduque,Torrijos,4903
Region IV-B (Mimaropa),Marinduque,Santa Cruz,4902
Region V (Bicol Region),Masbate,Aroroy,5414
Region V (Bicol Region),Masbate,Baleno,5413
Region V (Bicol Region),Masbate,Balud,5412
Region V (Bicol Region),Masbate,Batuan,5415
Region V (Bicol Region),Masbate,Cataingan,5405
Region V (Bicol Region),Masbate,Cawayan,5409
Region V (Bicol Region),Masbate,Claveria,5419
Region V (Bicol Region),Masbate,Dimasalang,5403
Region V (Bicol Region),Masbate,Esperanza,5407
Region V (Bicol Region),Masbate,Mandaon,5411
Region V (Bicol Region),Masbate,City Of Masbate (Capital),5400
Region V (Bicol Region),Masbate,Milagros,5410
Region V (Bicol Region),Masbate,Mobo,5401
Region V (Bicol Region),Masbate,Monreal,5418
Region V (Bicol Region),Masbate,Palanas,5404
Region V (Bicol Region),Masbate,Pio V. Corpuz (Limbuhan),5406
Region V (Bicol Region),Masbate,Placer,5408
Region V (Bicol Region),Masbate,San Fernando,5416
Region V (Bicol Region),Masbate,San Jacinto,5417
Region V (Bicol Region),Masbate,San Pascual,5420
Region V (Bicol Region),Masbate,Uson,5402
National Capital Region (NCR),Metro Manila,Tondo I / II,1012
National Capital Region (NCR),Metro Manila,Binondo,1006
National Capital Region (NCR),Metro Manila,Quiapo,1001
National Capital Region (NCR),Metro Manila,San Nicolas,1010
National Capital Region (NCR),Metro Manila,Santa Cruz,1014
National Capital Region (NCR),Metro Manila,Sampaloc,1008
National Capital Region (NCR),Metro Manila,San Miguel,1005
National Capital Region (NCR),Metro Manila,Ermita,1000
National Capital Region (NCR),Metro Manila,Intramuros,1002
National Capital Region (NCR),Metro Manila,Malate,1004
National Capital Region (NCR),Metro Manila,Paco,1007
National Capital Region (NCR),Metro Manila,Pandacan,1011
National Capital Region (NCR),Metro Manila,Port Area,1018
National Capital Region (NCR),Metro Manila,Santa Ana,1009
National Capital Region (NCR),Metro Manila,Tondo I / II,1012
National Capital Region (NCR),Metro Manila,Binondo,1006
National Capital Region (NCR),Metro Manila,Quiapo,1001
National Capital Region (NCR),Metro Manila,San Nicolas,1010
National Capital Region (NCR),Metro Manila,Santa Cruz,1014
National Capital Region (NCR),Metro Manila,Sampaloc,1008
National Capital Region (NCR),Metro Manila,San Miguel,1005
National Capital Region (NCR),Metro Manila,Ermita,1000
National Capital Region (NCR),Metro Manila,Intramuros,1002
National Capital Region (NCR),Metro Manila,Malate,1004
National Capital Region (NCR),Metro Manila,Paco,1007
National Capital Region (NCR),Metro Manila,Pandacan,1011
National Capital Region (NCR),Metro Manila,Port Area,1018
National Capital Region (NCR),Metro Manila,Santa Ana,1009
National Capital Region (NCR),Metro Manila,City Of Las Pińas,1740
National Capital Region (NCR),Metro Manila,City Of Makati,1200
National Capital Region (NCR),Metro Manila,City Of Muntinlupa,1770
National Capital Region (NCR),Metro Manila,City Of Parańaque,1700
National Capital Region (NCR),Metro Manila,Pasay City,1300
National Capital Region (NCR),Metro Manila,Pateros,1620
National Capital Region (NCR),Metro Manila,Taguig City,1630
National Capital Region (NCR),Metro Manila,City Of Mandaluyong,1550
National Capital Region (NCR),Metro Manila,City Of Marikina,1800
National Capital Region (NCR),Metro Manila,City Of Pasig,1600
National Capital Region (NCR),Metro Manila,Quezon City,1100
National Capital Region (NCR),Metro Manila,City Of San Juan,1500
National Capital Region (NCR),Metro Manila,Caloocan City,1400
National Capital Region (NCR),Metro Manila,City Of Malabon,1470
National Capital Region (NCR),Metro Manila,City Of Navotas,1490
National Capital Region (NCR),Metro Manila,City Of Valenzuela,1440
Region X (Northern Mindanao),Misamis Occidental,Aloran,7206
Region X (Northern Mindanao),Misamis Occidental,Baliangao,7211
Region X (Northern Mindanao),Misamis Occidental,Bonifacio,7215
Region X (Northern Mindanao),Misamis Occidental,Calamba,7210
Region X (Northern Mindanao),Misamis Occidental,Clarin,7201
Region X (Northern Mindanao),Misamis Occidental,Concepcion,7213
Region X (Northern Mindanao),Misamis Occidental,Jimenez,7204
Region X (Northern Mindanao),Misamis Occidental,Lopez Jaena,7208
Region X (Northern Mindanao),Misamis Occidental,Oroquieta City (Capital),7207
Region X (Northern Mindanao),Misamis Occidental,Ozamis City,7200
Region X (Northern Mindanao),Misamis Occidental,Panaon,7205
Region X (Northern Mindanao),Misamis Occidental,Plaridel,7209
Region X (Northern Mindanao),Misamis Occidental,Sapang Dalaga,7212
Region X (Northern Mindanao),Misamis Occidental,Sinacaban,7203
Region X (Northern Mindanao),Misamis Occidental,Tangub City,7214
Region X (Northern Mindanao),Misamis Occidental,Tudela,7202
Region X (Northern Mindanao),Misamis Occidental,Don VIctoriano Chiongbian  (Don Mariano Marcos),7216
Region X (Northern Mindanao),Misamis Oriental,Alubijid,9018
Region X (Northern Mindanao),Misamis Oriental,Balingasag,9005
Region X (Northern Mindanao),Misamis Oriental,Balingoan,9011
Region X (Northern Mindanao),Misamis Oriental,Binuangan,9008
Region X (Northern Mindanao),Misamis Oriental,Cagayan de Oro City (Capital),9000
Region X (Northern Mindanao),Misamis Oriental,Claveria,9004
Region X (Northern Mindanao),Misamis Oriental,City Of El Salvador,9017
Region X (Northern Mindanao),Misamis Oriental,Gingoog City,9014
Region X (Northern Mindanao),Misamis Oriental,Gitagum,9020
Region X (Northern Mindanao),Misamis Oriental,Initao,9022
Region X (Northern Mindanao),Misamis Oriental,Jasaan,9003
Region X (Northern Mindanao),Misamis Oriental,Kinoguitan,9010
Region X (Northern Mindanao),Misamis Oriental,Lagonglong,9006
Region X (Northern Mindanao),Misamis Oriental,Laguindingan,9019
Region X (Northern Mindanao),Misamis Oriental,Libertad,9021
Region X (Northern Mindanao),Misamis Oriental,Lugait,9025
Region X (Northern Mindanao),Misamis Oriental,Magsaysay (Linugos),9015
Region X (Northern Mindanao),Misamis Oriental,Manticao,9024
Region X (Northern Mindanao),Misamis Oriental,Medina,9013
Region X (Northern Mindanao),Misamis Oriental,Naawan,9023
Region X (Northern Mindanao),Misamis Oriental,Opol,9016
Region X (Northern Mindanao),Misamis Oriental,Salay,9007
Region X (Northern Mindanao),Misamis Oriental,Sugbongcogon,9009
Region X (Northern Mindanao),Misamis Oriental,Tagoloan,9001
Region X (Northern Mindanao),Misamis Oriental,Talisayan,9012
Region X (Northern Mindanao),Misamis Oriental,VIllanueva,9002
Cordillera Administrative Region (Car),Mountain Province,Barlig,2623
Cordillera Administrative Region (Car),Mountain Province,Besao,2618
Cordillera Administrative Region (Car),Mountain Province,Bontoc (Capital),2616
Cordillera Administrative Region (Car),Mountain Province,Natonin,2624
Cordillera Administrative Region (Car),Mountain Province,Paracelis,2625
Cordillera Administrative Region (Car),Mountain Province,Sabangan,2622
Cordillera Administrative Region (Car),Mountain Province,Sadanga,2617
Cordillera Administrative Region (Car),Mountain Province,Sagada,2619
Cordillera Administrative Region (Car),Mountain Province,Tadian,2620
Cordillera Administrative Region (Car),Mountain Province,Bauko,2621
Region VI (Western VIsayas),Negros Occidental,Bacolod City (Capital),6100
Region VI (Western VIsayas),Negros Occidental,Bago City,6101
Region VI (Western VIsayas),Negros Occidental,Binalbagan,6107
Region VI (Western VIsayas),Negros Occidental,Cadiz City,6121
Region VI (Western VIsayas),Negros Occidental,Calatrava,6126
Region VI (Western VIsayas),Negros Occidental,Candoni,6110
Region VI (Western VIsayas),Negros Occidental,Cauayan,6112
Region VI (Western VIsayas),Negros Occidental,Enrique B. Magalona (Saravia),6118
Region VI (Western VIsayas),Negros Occidental,City Of Escalante,6124
Region VI (Western VIsayas),Negros Occidental,City Of Himamaylan,6108
Region VI (Western VIsayas),Negros Occidental,Hinigaran,6106
Region VI (Western VIsayas),Negros Occidental,Hinoba-An (Asia),6114
Region VI (Western VIsayas),Negros Occidental,Ilog,6109
Region VI (Western VIsayas),Negros Occidental,Isabela,6128
Region VI (Western VIsayas),Negros Occidental,City Of Kabankalan,6111
Region VI (Western VIsayas),Negros Occidental,La Carlota City,6130
Region VI (Western VIsayas),Negros Occidental,La Castellana,6131
Region VI (Western VIsayas),Negros Occidental,Manapla,6120
Region VI (Western VIsayas),Negros Occidental,Moises Padilla (Magallon),6132
Region VI (Western VIsayas),Negros Occidental,Murcia,6129
Region VI (Western VIsayas),Negros Occidental,Pontevedra,6105
Region VI (Western VIsayas),Negros Occidental,Pulupandan,6102
Region VI (Western VIsayas),Negros Occidental,Sagay City,6122
Region VI (Western VIsayas),Negros Occidental,San Carlos City,6127
Region VI (Western VIsayas),Negros Occidental,San Enrique,6104
Region VI (Western VIsayas),Negros Occidental,Silay City,6116
Region VI (Western VIsayas),Negros Occidental,City Of Sipalay,6113
Region VI (Western VIsayas),Negros Occidental,City Of Talisay,6115
Region VI (Western VIsayas),Negros Occidental,Toboso,6125
Region VI (Western VIsayas),Negros Occidental,Valladolid,6103
Region VI (Western VIsayas),Negros Occidental,City Of VIctorias,6119
Region VI (Western VIsayas),Negros Occidental,Salvador Benedicto,6117
Region VIi (Central VIsayas),Negros Oriental,Amlan (Ayuquitan),6203
Region VIi (Central VIsayas),Negros Oriental,Ayungon,6210
Region VIi (Central VIsayas),Negros Oriental,Bais City,6206
Region VIi (Central VIsayas),Negros Oriental,Basay,6222
Region VIi (Central VIsayas),Negros Oriental,City Of Bayawan (Tulong),6221
Region VIi (Central VIsayas),Negros Oriental,Bindoy (Payabon),6209
Region VIi (Central VIsayas),Negros Oriental,Canlaon City,6223
Region VIi (Central VIsayas),Negros Oriental,Dauin,6217
Region VIi (Central VIsayas),Negros Oriental,Dumaguete City (Capital),6200
Region VIi (Central VIsayas),Negros Oriental,City Of Guihulngan,6214
Region VIi (Central VIsayas),Negros Oriental,Jimalalud,6212
Region VIi (Central VIsayas),Negros Oriental,La Libertad,6213
Region VIi (Central VIsayas),Negros Oriental,Mabinay,6207
Region VIi (Central VIsayas),Negros Oriental,Manjuyod,6208
Region VIi (Central VIsayas),Negros Oriental,Pamplona,6205
Region VIi (Central VIsayas),Negros Oriental,San Jose,6202
Region VIi (Central VIsayas),Negros Oriental,Siaton,6219
Region VIi (Central VIsayas),Negros Oriental,Sibulan,6201
Region VIi (Central VIsayas),Negros Oriental,City Of Tanjay,6204
Region VIi (Central VIsayas),Negros Oriental,Tayasan,6211
Region VIi (Central VIsayas),Negros Oriental,Valencia (Luzurriaga),6215
Region VIi (Central VIsayas),Negros Oriental,Zamboanguita,6218
Region VIi (Central VIsayas),Negros Oriental,Bacong,6216
Region VIi (Central VIsayas),Negros Oriental,Santa Catalina,6220
Region VIi (Central VIsayas),Negros Oriental,Vallehermoso,6224
Region VIii (Eastern VIsayas),Northern Samar,Allen,6405
Region VIii (Eastern VIsayas),Northern Samar,Biri,6410
Region VIii (Eastern VIsayas),Northern Samar,Bobon,6401
Region VIii (Eastern VIsayas),Northern Samar,Capul,6408
Region VIii (Eastern VIsayas),Northern Samar,Catarman (Capital),6400
Region VIii (Eastern VIsayas),Northern Samar,Catubig,6418
Region VIii (Eastern VIsayas),Northern Samar,Gamay,6422
Region VIii (Eastern VIsayas),Northern Samar,Laoang,6411
Region VIii (Eastern VIsayas),Northern Samar,Las Navas,6420
Region VIii (Eastern VIsayas),Northern Samar,Lavezares,6404
Region VIii (Eastern VIsayas),Northern Samar,Mapanas,6412
Region VIii (Eastern VIsayas),Northern Samar,Mondragon,6417
Region VIii (Eastern VIsayas),Northern Samar,Palapag,6421
Region VIii (Eastern VIsayas),Northern Samar,Pambujan,6413
Region VIii (Eastern VIsayas),Northern Samar,Rosario,6416
Region VIii (Eastern VIsayas),Northern Samar,San Antonio,6407
Region VIii (Eastern VIsayas),Northern Samar,San Isidro,6409
Region VIii (Eastern VIsayas),Northern Samar,San Jose,6402
Region VIii (Eastern VIsayas),Northern Samar,San Roque,6415
Region VIii (Eastern VIsayas),Northern Samar,San VIcente,6419
Region VIii (Eastern VIsayas),Northern Samar,Silvino Lobos,6414
Region VIii (Eastern VIsayas),Northern Samar,VIctoria,6406
Region VIii (Eastern VIsayas),Northern Samar,Lope De Vega,6403
Region VIii (Eastern VIsayas),Northern Samar,Lapinig,6411
Region III (Central Luzon),Nueva Ecija,Aliaga,3111
Region III (Central Luzon),Nueva Ecija,Bongabon,3128
Region III (Central Luzon),Nueva Ecija,Cabanatuan City,3100
Region III (Central Luzon),Nueva Ecija,Cabiao,3107
Region III (Central Luzon),Nueva Ecija,Cuyapo,3117
Region III (Central Luzon),Nueva Ecija,Gabaldon (Bitulok & Sabani),3131
Region III (Central Luzon),Nueva Ecija,Guimba,3115
Region III (Central Luzon),Nueva Ecija,Jaen,3109
Region III (Central Luzon),Nueva Ecija,Laur,3129
Region III (Central Luzon),Nueva Ecija,Licab,3112
Region III (Central Luzon),Nueva Ecija,Llanera,3126
Region III (Central Luzon),Nueva Ecija,Lupao,3122
Region III (Central Luzon),Nueva Ecija,Science City Of Muńoz,3119
Region III (Central Luzon),Nueva Ecija,Nampicuan,3116
Region III (Central Luzon),Nueva Ecija,Palayan City (Capital),3132
Region III (Central Luzon),Nueva Ecija,Pantabangan,3124
Region III (Central Luzon),Nueva Ecija,Peńaranda,3103
Region III (Central Luzon),Nueva Ecija,Quezon,3113
Region III (Central Luzon),Nueva Ecija,Rizal,3127
Region III (Central Luzon),Nueva Ecija,San Antonio,3108
Region III (Central Luzon),Nueva Ecija,San Isidro,3106
Region III (Central Luzon),Nueva Ecija,San Jose City,3121
Region III (Central Luzon),Nueva Ecija,San Leonardo,3102
Region III (Central Luzon),Nueva Ecija,Talavera,3114
Region III (Central Luzon),Nueva Ecija,Zaragoza,3110
Region III (Central Luzon),Nueva Ecija,Carranglan,3123
Region III (Central Luzon),Nueva Ecija,City Of Gapan,3105
Region III (Central Luzon),Nueva Ecija,General Mamerto Natividad,3125
Region III (Central Luzon),Nueva Ecija,General Tinio (Papaya),3104
Region III (Central Luzon),Nueva Ecija,Santa Rosa,3101
Region III (Central Luzon),Nueva Ecija,Santo Domingo,3133
Region III (Central Luzon),Nueva Ecija,Talugtug,3118
Region II (Cagayan Valley),Nueva VIzcaya,Ambaguio,3701
Region II (Cagayan Valley),Nueva VIzcaya,Aritao,3704
Region II (Cagayan Valley),Nueva VIzcaya,Bagabag,3711
Region II (Cagayan Valley),Nueva VIzcaya,Bambang,3702
Region II (Cagayan Valley),Nueva VIzcaya,Bayombong (Capital),3700
Region II (Cagayan Valley),Nueva VIzcaya,Diadi,3712
Region II (Cagayan Valley),Nueva VIzcaya,Dupax del Norte,3706
Region II (Cagayan Valley),Nueva VIzcaya,Dupax del Sur,3707
Region II (Cagayan Valley),Nueva VIzcaya,Kasibu,3703
Region II (Cagayan Valley),Nueva VIzcaya,Kayapa,3708
Region II (Cagayan Valley),Nueva VIzcaya,Quezon,3713
Region II (Cagayan Valley),Nueva VIzcaya,Solano,3709
Region II (Cagayan Valley),Nueva VIzcaya,VIllaverde,3710
Region II (Cagayan Valley),Nueva Vizcaya,Santa Fe,3705
Region II (Cagayan Valley),Nueva Vizcaya,Alfonso Castaneda,3714
Region IV-B (Mimaropa),Occidental Mindoro,Abra De Ilog,5108
Region IV-B (Mimaropa),Occidental Mindoro,Calintaan,5102
Region IV-B (Mimaropa),Occidental Mindoro,Looc,5111
Region IV-B (Mimaropa),Occidental Mindoro,Lubang,5109
Region IV-B (Mimaropa),Occidental Mindoro,Magsaysay,5101
Region IV-B (Mimaropa),Occidental Mindoro,Mamburao (Capital),5106
Region IV-B (Mimaropa),Occidental Mindoro,Rizal,5103
Region IV-B (Mimaropa),Occidental Mindoro,Sablayan,5104
Region IV-B (Mimaropa),Occidental Mindoro,San Jose,5100
Region IV-B (Mimaropa),Occidental Mindoro,Paluan,5107
Region IV-B (Mimaropa),Occidental Mindoro,Santa Cruz,5105
Region IV-B (Mimaropa),Oriental Mindoro,Baco,5201
Region IV-B (Mimaropa),Oriental Mindoro,Bansud,5210
Region IV-B (Mimaropa),Oriental Mindoro,Bongabong,5211
Region IV-B (Mimaropa),Oriental Mindoro,Bulalacao (San Pedro),5214
Region IV-B (Mimaropa),Oriental Mindoro,City Of Calapan (Capital),5200
Region IV-B (Mimaropa),Oriental Mindoro,Gloria,5209
Region IV-B (Mimaropa),Oriental Mindoro,Mansalay,5213
Region IV-B (Mimaropa),Oriental Mindoro,Naujan,5204
Region IV-B (Mimaropa),Oriental Mindoro,Pinamalayan,5208
Region IV-B (Mimaropa),Oriental Mindoro,Pola,5206
Region IV-B (Mimaropa),Oriental Mindoro,Puerto Galera,5203
Region IV-B (Mimaropa),Oriental Mindoro,Roxas,5212
Region IV-B (Mimaropa),Oriental Mindoro,San Teodoro,5202
Region IV-B (Mimaropa),Oriental Mindoro,Socorro,5207
Region IV-B (Mimaropa),Oriental Mindoro,VIctoria,5205
Region IV-B (Mimaropa),Palawan,Aborlan,5302
Region IV-B (Mimaropa),Palawan,Agutaya,5320
Region IV-B (Mimaropa),Palawan,Araceli,5311
Region IV-B (Mimaropa),Palawan,Balabac,5307
Region IV-B (Mimaropa),Palawan,Brooke'S Point,5305
Region IV-B (Mimaropa),Palawan,Busuanga,5317
Region IV-B (Mimaropa),Palawan,Cagayancillo,5321
Region IV-B (Mimaropa),Palawan,Coron,5316
Region IV-B (Mimaropa),Palawan,Cuyo,5318
Region IV-B (Mimaropa),Palawan,Dumaran,5310
Region IV-B (Mimaropa),Palawan,El Nido (Bacuit),5313
Region IV-B (Mimaropa),Palawan,Linapacan,5314
Region IV-B (Mimaropa),Palawan,Magsaysay,5319
Region IV-B (Mimaropa),Palawan,Narra,5303
Region IV-B (Mimaropa),Palawan,Puerto Princesa City (Capital),5300
Region IV-B (Mimaropa),Palawan,Quezon,5304
Region IV-B (Mimaropa),Palawan,Roxas,5308
Region IV-B (Mimaropa),Palawan,San VIcente,5309
Region IV-B (Mimaropa),Palawan,Taytay,5312
Region IV-B (Mimaropa),Palawan,Kalayaan,5322
Region IV-B (Mimaropa),Palawan,Culion,5315
Region IV-B (Mimaropa),Palawan,Rizal (Marcos),5323
Region IV-B (Mimaropa),Palawan,Sofronio Espańola,5324
Region IV-B (Mimaropa),Palawan,Bataraza,5306
Region III (Central Luzon),Pampanga,Angeles City,2009
Region III (Central Luzon),Pampanga,Apalit,2016
Region III (Central Luzon),Pampanga,Arayat,2012
Region III (Central Luzon),Pampanga,Bacolor,2001
Region III (Central Luzon),Pampanga,Candaba,2013
Region III (Central Luzon),Pampanga,Floridablanca,2006
Region III (Central Luzon),Pampanga,Guagua,2003
Region III (Central Luzon),Pampanga,Lubao,2005
Region III (Central Luzon),Pampanga,Macabebe,2018
Region III (Central Luzon),Pampanga,Magalang,2011
Region III (Central Luzon),Pampanga,Masantol,2017
Region III (Central Luzon),Pampanga,Mexico,2021
Region III (Central Luzon),Pampanga,Minalin,2019
Region III (Central Luzon),Pampanga,Porac,2008
Region III (Central Luzon),Pampanga,City Of San Fernando (Capital),2000
Region III (Central Luzon),Pampanga,San Luis,2014
Region III (Central Luzon),Pampanga,San Simon,2015
Region III (Central Luzon),Pampanga,Mabalacat City,2010
Region III (Central Luzon),Pampanga,Santa Ana,2022
Region III (Central Luzon),Pampanga,Santa Rita,2002
Region III (Central Luzon),Pampanga,Santo Tomas,2020
Region III (Central Luzon),Pampanga,Sasmuan (Sexmoan),2004
Region I (Ilocos Region),Pangasinan,Agno,2408
Region I (Ilocos Region),Pangasinan,Aguilar,2415
Region I (Ilocos Region),Pangasinan,City Of Alaminos,2404
Region I (Ilocos Region),Pangasinan,Alcala,2425
Region I (Ilocos Region),Pangasinan,Anda,2405
Region I (Ilocos Region),Pangasinan,Asingan,2439
Region I (Ilocos Region),Pangasinan,Balungao,2442
Region I (Ilocos Region),Pangasinan,Bani,2407
Region I (Ilocos Region),Pangasinan,Basista,2422
Region I (Ilocos Region),Pangasinan,Bautista,2424
Region I (Ilocos Region),Pangasinan,Bayambang,2423
Region I (Ilocos Region),Pangasinan,Binalonan,2436
Region I (Ilocos Region),Pangasinan,Binmaley,2417
Region I (Ilocos Region),Pangasinan,Bolinao,2406
Region I (Ilocos Region),Pangasinan,Bugallon,2416
Region I (Ilocos Region),Pangasinan,Burgos,2410
Region I (Ilocos Region),Pangasinan,Calasiao,2418
Region I (Ilocos Region),Pangasinan,Dagupan City,2400
Region I (Ilocos Region),Pangasinan,Dasol,2411
Region I (Ilocos Region),Pangasinan,Infanta,2412
Region I (Ilocos Region),Pangasinan,Labrador,2402
Region I (Ilocos Region),Pangasinan,Lingayen (Capital),2401
Region I (Ilocos Region),Pangasinan,Mabini,2409
Region I (Ilocos Region),Pangasinan,Malasiqui,2421
Region I (Ilocos Region),Pangasinan,Manaoag,2430
Region I (Ilocos Region),Pangasinan,Mangaldan,2432
Region I (Ilocos Region),Pangasinan,Mangatarem,2413
Region I (Ilocos Region),Pangasinan,Mapandan,2429
Region I (Ilocos Region),Pangasinan,Natividad,2446
Region I (Ilocos Region),Pangasinan,Pozorrubio,2435
Region I (Ilocos Region),Pangasinan,Rosales,2441
Region I (Ilocos Region),Pangasinan,San Carlos City,2420
Region I (Ilocos Region),Pangasinan,San Fabian,2433
Region I (Ilocos Region),Pangasinan,San Jacinto,2431
Region I (Ilocos Region),Pangasinan,San Manuel,2438
Region I (Ilocos Region),Pangasinan,San Nicolas,2447
Region I (Ilocos Region),Pangasinan,San Quintin,2444
Region I (Ilocos Region),Pangasinan,Sison,2434
Region I (Ilocos Region),Pangasinan,Sual,2403
Region I (Ilocos Region),Pangasinan,Tayug,2445
Region I (Ilocos Region),Pangasinan,Umingan,2443
Region I (Ilocos Region),Pangasinan,Urbiztondo,2414
Region I (Ilocos Region),Pangasinan,City Of Urdaneta,2428
Region I (Ilocos Region),Pangasinan,VIllasis,2427
Region I (Ilocos Region),Pangasinan,Laoac,2437
Region I (Ilocos Region),Pangasinan,Santa Barbara,2419
Region I (Ilocos Region),Pangasinan,Santa Maria,2440
Region I (Ilocos Region),Pangasinan,Santo Tomas,2426
Region IV-A (CALABARZON),Quezon,Agdangan,4304
Region IV-A (CALABARZON),Quezon,Alabat,4333
Region IV-A (CALABARZON),Quezon,Atimonan,4331
Region IV-A (CALABARZON),Quezon,Buenavista,4320
Region IV-A (CALABARZON),Quezon,Burdeos,4340
Region IV-A (CALABARZON),Quezon,Calauag,4318
Region IV-A (CALABARZON),Quezon,Candelaria,4323
Region IV-A (CALABARZON),Quezon,Catanauan,4311
Region IV-A (CALABARZON),Quezon,Dolores,4326
Region IV-A (CALABARZON),Quezon,General Luna,4310
Region IV-A (CALABARZON),Quezon,General Nakar,4338
Region IV-A (CALABARZON),Quezon,Guinayangan,4319
Region IV-A (CALABARZON),Quezon,Gumaca,4307
Region IV-A (CALABARZON),Quezon,Infanta,4336
Region IV-A (CALABARZON),Quezon,Jomalig,4342
Region IV-A (CALABARZON),Quezon,Lopez,4316
Region IV-A (CALABARZON),Quezon,Lucban,4328
Region IV-A (CALABARZON),Quezon,Lucena City (Capital),4301
Region IV-A (CALABARZON),Quezon,Macalelon,4309
Region IV-A (CALABARZON),Quezon,Mauban,4330
Region IV-A (CALABARZON),Quezon,Mulanay,4312
Region IV-A (CALABARZON),Quezon,Padre Burgos,4303
Region IV-A (CALABARZON),Quezon,Pagbilao,4302
Region IV-A (CALABARZON),Quezon,Panukulan,4337
Region IV-A (CALABARZON),Quezon,Patnanungan,4341
Region IV-A (CALABARZON),Quezon,Perez,4334
Region IV-A (CALABARZON),Quezon,Pitogo,4308
Region IV-A (CALABARZON),Quezon,Plaridel,4306
Region IV-A (CALABARZON),Quezon,Quezon,4332
Region IV-A (CALABARZON),Quezon,Real,4335
Region IV-A (CALABARZON),Quezon,Sampaloc,4329
Region IV-A (CALABARZON),Quezon,San Andres,4314
Region IV-A (CALABARZON),Quezon,San Antonio,4324
Region IV-A (CALABARZON),Quezon,San Francisco (Aurora),4315
Region IV-A (CALABARZON),Quezon,San Narciso,4313
Region IV-A (CALABARZON),Quezon,Sariaya,4322
Region IV-A (CALABARZON),Quezon,Tagkawayan,4321
Region IV-A (CALABARZON),Quezon,City Of Tayabas,4327
Region IV-A (CALABARZON),Quezon,Tiaong,4325
Region IV-A (CALABARZON),Quezon,Unisan,4305
Region IV-A (CALABARZON),Quezon,Polillo,4339
Region II (Cagayan Valley),Quirino,Aglipay,3403
Region II (Cagayan Valley),Quirino,Cabarroguis (Capital),3400
Region II (Cagayan Valley),Quirino,Diffun,3401
Region II (Cagayan Valley),Quirino,Maddela,3404
Region II (Cagayan Valley),Quirino,Saguday,3402
Region II (Cagayan Valley),Quirino,Nagtipunan,3405
Region IV-A (CALABARZON),Rizal,Angono,1930
Region IV-A (CALABARZON),Rizal,City Of Antipolo,1870
Region IV-A (CALABARZON),Rizal,Baras,1970
Region IV-A (CALABARZON),Rizal,Binangonan,1940
Region IV-A (CALABARZON),Rizal,Cainta,1900
Region IV-A (CALABARZON),Rizal,Cardona,1950
Region IV-A (CALABARZON),Rizal,Jala-Jala,1990
Region IV-A (CALABARZON),Rizal,Morong,1960
Region IV-A (CALABARZON),Rizal,San Mateo,1850
Region IV-A (CALABARZON),Rizal,Tanay,1980
Region IV-A (CALABARZON),Rizal,Taytay,1920
Region IV-A (CALABARZON),Rizal,Teresa,1880
Region IV-A (CALABARZON),Rizal,Rodriguez (Montalban),1860
Region IV-A (CALABARZON),Rizal,Pililla,1910
Region IV-B (Mimaropa),Romblon,Alcantara,5509
Region IV-B (Mimaropa),Romblon,Banton,5515
Region IV-B (Mimaropa),Romblon,Cajidiocan,5512
Region IV-B (Mimaropa),Romblon,Calatrava,5503
Region IV-B (Mimaropa),Romblon,Concepcion,5516
Region IV-B (Mimaropa),Romblon,Corcuera,5514
Region IV-B (Mimaropa),Romblon,Looc,5507
Region IV-B (Mimaropa),Romblon,Magdiwang,5511
Region IV-B (Mimaropa),Romblon,Odiongan,5505
Region IV-B (Mimaropa),Romblon,Romblon (Capital),5500
Region IV-B (Mimaropa),Romblon,San Agustin,5501
Region IV-B (Mimaropa),Romblon,San Andres,5504
Region IV-B (Mimaropa),Romblon,San Fernando,5513
Region IV-B (Mimaropa),Romblon,San Jose,5510
Region IV-B (Mimaropa),Romblon,Ferrol,5506
Region IV-B (Mimaropa),Romblon,Santa Fe,5508
Region IV-B (Mimaropa),Romblon,Santa Maria (Imelda),5502
Region VIii (Eastern VIsayas),Samar (Western Samar),Almagro,6724
Region VIii (Eastern VIsayas),Samar (Western Samar),Basey,6720
Region VIii (Eastern VIsayas),Samar (Western Samar),Calbayog City,6710
Region VIii (Eastern VIsayas),Samar (Western Samar),Calbiga,6715
Region VIii (Eastern VIsayas),Samar (Western Samar),City Of Catbalogan (Capital),6700
Region VIii (Eastern VIsayas),Samar (Western Samar),Daram,6722
Region VIii (Eastern VIsayas),Samar (Western Samar),Gandara,6706
Region VIii (Eastern VIsayas),Samar (Western Samar),Hinabangan,6713
Region VIii (Eastern VIsayas),Samar (Western Samar),Jiabong,6701
Region VIii (Eastern VIsayas),Samar (Western Samar),Marabut,6721
Region VIii (Eastern VIsayas),Samar (Western Samar),Matuguinao,6708
Region VIii (Eastern VIsayas),Samar (Western Samar),Motiong,6702
Region VIii (Eastern VIsayas),Samar (Western Samar),Pinabacdao,6716
Region VIii (Eastern VIsayas),Samar (Western Samar),San Jose De Buan,6714
Region VIii (Eastern VIsayas),Samar (Western Samar),San Sebastian,6711
Region VIii (Eastern VIsayas),Samar (Western Samar),Santa Margarita,6709
Region VIii (Eastern VIsayas),Samar (Western Samar),Santa Rita,6718
Region VIii (Eastern VIsayas),Samar (Western Samar),Santo Nińo,6725
Region VIii (Eastern VIsayas),Samar (Western Samar),Talalora,6719
Region VIii (Eastern VIsayas),Samar (Western Samar),Tarangnan,6704
Region VIii (Eastern VIsayas),Samar (Western Samar),VIllareal,6717
Region VIii (Eastern VIsayas),Samar (Western Samar),Paranas (Wright),6703
Region VIii (Eastern VIsayas),Samar (Western Samar),Zumarraga,6723
Region VIii (Eastern VIsayas),Samar (Western Samar),Tagapul-An,6726
Region VIii (Eastern VIsayas),Samar (Western Samar),San Jorge,6707
Region VIii (Eastern VIsayas),Samar (Western Samar),Pagsanghan,6705
Region XIi (SOCCSKSARGEN),Sarangani,Alabel (Capital),9501
Region XIi (SOCCSKSARGEN),Sarangani,Glan,9517
Region XIi (SOCCSKSARGEN),Sarangani,Kiamba,9514
Region XIi (SOCCSKSARGEN),Sarangani,Maasim,9502
Region XIi (SOCCSKSARGEN),Sarangani,Maitum,9515
Region XIi (SOCCSKSARGEN),Sarangani,Malapatan,9516
Region XIi (SOCCSKSARGEN),Sarangani,Malungon,9503
Region VIi (Central VIsayas),Siquijor,Enrique VIllanueva,6230
Region VIi (Central VIsayas),Siquijor,Larena,6226
Region VIi (Central VIsayas),Siquijor,Lazi,6228
Region VIi (Central VIsayas),Siquijor,Maria,6229
Region VIi (Central VIsayas),Siquijor,San Juan,6227
Region VIi (Central VIsayas),Siquijor,Siquijor (Capital),6225
Region V (Bicol Region),Sorsogon,Barcelona,4712
Region V (Bicol Region),Sorsogon,Bulan,4706
Region V (Bicol Region),Sorsogon,Bulusan,4704
Region V (Bicol Region),Sorsogon,Casiguran,4702
Region V (Bicol Region),Sorsogon,Castilla,4713
Region V (Bicol Region),Sorsogon,Donsol,4715
Region V (Bicol Region),Sorsogon,Gubat,4710
Region V (Bicol Region),Sorsogon,Irosin,4707
Region V (Bicol Region),Sorsogon,Juban,4703
Region V (Bicol Region),Sorsogon,Magallanes,4705
Region V (Bicol Region),Sorsogon,Matnog,4708
Region V (Bicol Region),Sorsogon,Pilar,4714
Region V (Bicol Region),Sorsogon,Prieto Diaz,4711
Region V (Bicol Region),Sorsogon,City Of Sorsogon (Capital),4700
Region V (Bicol Region),Sorsogon,Santa Magdalena,4709
Region XIi (SOCCSKSARGEN),South Cotabato,Banga,9511
Region XIi (SOCCSKSARGEN),South Cotabato,General Santos City (Dadiangas),9500
Region XIi (SOCCSKSARGEN),South Cotabato,City Of Koronadal (Capital),9506
Region XIi (SOCCSKSARGEN),South Cotabato,Norala,9508
Region XIi (SOCCSKSARGEN),South Cotabato,Polomolok,9504
Region XIi (SOCCSKSARGEN),South Cotabato,Surallah,9512
Region XIi (SOCCSKSARGEN),South Cotabato,Tampakan,9507
Region XIi (SOCCSKSARGEN),South Cotabato,Tantangan,9510
Region XIi (SOCCSKSARGEN),South Cotabato,T'Boli,9513
Region XIi (SOCCSKSARGEN),South Cotabato,Tupi,9505
Region XIi (SOCCSKSARGEN),South Cotabato,Lake Sebu,9518
Region XIi (SOCCSKSARGEN),South Cotabato,Santo Nińo,9509
Region VIii (Eastern VIsayas),Southern Leyte,Anahawan,6610
Region VIii (Eastern VIsayas),Southern Leyte,Bontoc,6604
Region VIii (Eastern VIsayas),Southern Leyte,Hinunangan,6608
Region VIii (Eastern VIsayas),Southern Leyte,Hinundayan,6609
Region VIii (Eastern VIsayas),Southern Leyte,Libagon,6615
Region VIii (Eastern VIsayas),Southern Leyte,Liloan,6612
Region VIii (Eastern VIsayas),Southern Leyte,City Of Maasin (Capital),6600
Region VIii (Eastern VIsayas),Southern Leyte,Macrohon,6601
Region VIii (Eastern VIsayas),Southern Leyte,Malitbog,6603
Region VIii (Eastern VIsayas),Southern Leyte,Padre Burgos,6602
Region VIii (Eastern VIsayas),Southern Leyte,Pintuyan,6614
Region VIii (Eastern VIsayas),Southern Leyte,San Francisco,6613
Region VIii (Eastern VIsayas),Southern Leyte,San Juan (Cabalian),6611
Region VIii (Eastern VIsayas),Southern Leyte,San Ricardo,6617
Region VIii (Eastern VIsayas),Southern Leyte,Silago,6607
Region VIii (Eastern VIsayas),Southern Leyte,Sogod,6606
Region VIii (Eastern VIsayas),Southern Leyte,Tomas Oppus,6605
Region VIii (Eastern VIsayas),Southern Leyte,Limasawa,6618
Region VIii (Eastern VIsayas),Southern Leyte,Saint Bernard,6616
Region XIi (SOCCSKSARGEN),Sultan Kudarat,Bagumbayan,9810
Region XIi (SOCCSKSARGEN),Sultan Kudarat,Columbio,9801
Region XIi (SOCCSKSARGEN),Sultan Kudarat,Esperanza,9806
Region XIi (SOCCSKSARGEN),Sultan Kudarat,Isulan (Capital),9805
Region XIi (SOCCSKSARGEN),Sultan Kudarat,Kalamansig,9808
Region XIi (SOCCSKSARGEN),Sultan Kudarat,Lebak,9807
Region XIi (SOCCSKSARGEN),Sultan Kudarat,Lutayan,9803
Region XIi (SOCCSKSARGEN),Sultan Kudarat,Palimbang,9809
Region XIi (SOCCSKSARGEN),Sultan Kudarat,City Of Tacurong,9800
Region XIi (SOCCSKSARGEN),Sultan Kudarat,Sen. Ninoy Aquino,9811
Region XIi (SOCCSKSARGEN),Sultan Kudarat,Lambayong (Mariano Marcos),9802
Region XIi (SOCCSKSARGEN),Sultan Kudarat,President Quirino,9804
Autonomous Region In Muslim Mindanao (Armm),Sulu,Indanan,7407
Autonomous Region In Muslim Mindanao (Armm),Sulu,Jolo (Capital),7400
Autonomous Region In Muslim Mindanao (Armm),Sulu,Luuk,7404
Autonomous Region In Muslim Mindanao (Armm),Sulu,Maimbung,7409
Autonomous Region In Muslim Mindanao (Armm),Sulu,Hadji Panglima Tahil (Marunggas),7413
Autonomous Region In Muslim Mindanao (Armm),Sulu,Parang,7408
Autonomous Region In Muslim Mindanao (Armm),Sulu,Pata,7405
Autonomous Region In Muslim Mindanao (Armm),Sulu,Patikul,7401
Autonomous Region In Muslim Mindanao (Armm),Sulu,Siasi,7412
Autonomous Region In Muslim Mindanao (Armm),Sulu,Talipao,7403
Autonomous Region In Muslim Mindanao (Armm),Sulu,Tapul,7410
Autonomous Region In Muslim Mindanao (Armm),Sulu,Panglima Estino (New Panamao),7415
Autonomous Region In Muslim Mindanao (Armm),Sulu,Lugus,7411
Autonomous Region In Muslim Mindanao (Armm),Sulu,Pandami,7418
Autonomous Region In Muslim Mindanao (Armm),Sulu,Omar,7417
Autonomous Region In Muslim Mindanao (Armm),Sulu,Kalingalan Caluang,7416
Autonomous Region In Muslim Mindanao (Armm),Sulu,Old Panamao,7401
Autonomous Region In Muslim Mindanao (Armm),Sulu,Pangutaran,7414
Autonomous Region In Muslim Mindanao (Armm),Sulu,Tongkil,7413
Region XIii (Caraga),Surigao del Norte,Alegria,8425
Region XIii (Caraga),Surigao del Norte,Bacuag,8408
Region XIii (Caraga),Surigao del Norte,Burgos,8424
Region XIii (Caraga),Surigao del Norte,Claver,8410
Region XIii (Caraga),Surigao del Norte,Dapa,8417
Region XIii (Caraga),Surigao del Norte,Del Carmen,8418
Region XIii (Caraga),Surigao del Norte,Gigaquit,8409
Region XIii (Caraga),Surigao del Norte,Mainit,8407
Region XIii (Caraga),Surigao del Norte,Malimono,8402
Region XIii (Caraga),Surigao del Norte,Pilar,8420
Region XIii (Caraga),Surigao del Norte,Placer,8405
Region XIii (Caraga),Surigao del Norte,San Benito,8423
Region XIii (Caraga),Surigao del Norte,San Francisco (Anao-Aon),8401
Region XIii (Caraga),Surigao del Norte,San Isidro,8421
Region XIii (Caraga),Surigao del Norte,Sison,8404
Region XIii (Caraga),Surigao del Norte,Socorro,8416
Region XIii (Caraga),Surigao del Norte,Surigao City (Capital),8400
Region XIii (Caraga),Surigao del Norte,Tagana-An,8403
Region XIii (Caraga),Surigao del Norte,Tubod,8406
Region XIii (Caraga),Surigao del Norte,General Luna,8419
Region XIii (Caraga),Surigao del Norte,Santa Monica (Sapao),8422
Region XIii (Caraga),Surigao del Sur,Barobo,8309
Region XIii (Caraga),Surigao del Sur,Bayabas,8303
Region XIii (Caraga),Surigao del Sur,City Of Bislig,8311
Region XIii (Caraga),Surigao del Sur,Cagwait,8304
Region XIii (Caraga),Surigao del Sur,Cantilan,8317
Region XIii (Caraga),Surigao del Sur,Carmen,8315
Region XIii (Caraga),Surigao del Sur,Carrascal,8318
Region XIii (Caraga),Surigao del Sur,Hinatuan,8310
Region XIii (Caraga),Surigao del Sur,Lanuza,8314
Region XIii (Caraga),Surigao del Sur,Lianga,8307
Region XIii (Caraga),Surigao del Sur,Lingig,8312
Region XIii (Caraga),Surigao del Sur,Madrid,8316
Region XIii (Caraga),Surigao del Sur,Marihatag,8306
Region XIii (Caraga),Surigao del Sur,San Agustin,8305
Region XIii (Caraga),Surigao del Sur,San Miguel,8301
Region XIii (Caraga),Surigao del Sur,Tagbina,8308
Region XIii (Caraga),Surigao del Sur,Tago,8302
Region XIii (Caraga),Surigao del Sur,City Of Tandag (Capital),8300
Region XIii (Caraga),Surigao del Sur,Cortes,8313
Region III (Central Luzon),Tarlac,Anao,2310
Region III (Central Luzon),Tarlac,Bamban,2317
Region III (Central Luzon),Tarlac,Camiling,2306
Region III (Central Luzon),Tarlac,Capas,2315
Region III (Central Luzon),Tarlac,Concepcion,2316
Region III (Central Luzon),Tarlac,Gerona,2302
Region III (Central Luzon),Tarlac,La Paz,2314
Region III (Central Luzon),Tarlac,Mayantoc,2304
Region III (Central Luzon),Tarlac,Moncada,2308
Region III (Central Luzon),Tarlac,Paniqui,2307
Region III (Central Luzon),Tarlac,Pura,2312
Region III (Central Luzon),Tarlac,Ramos,2311
Region III (Central Luzon),Tarlac,San Clemente,2305
Region III (Central Luzon),Tarlac,San Manuel,2309
Region III (Central Luzon),Tarlac,City Of Tarlac (Capital),2300
Region III (Central Luzon),Tarlac,VIctoria,2313
Region III (Central Luzon),Tarlac,San Jose,2318
Region III (Central Luzon),Tarlac,Santa Ignacia,2303
Autonomous Region In Muslim Mindanao (Armm),Tawi-Tawi,Panglima Sugala (Balimbing),7501
Autonomous Region In Muslim Mindanao (Armm),Tawi-Tawi,Bongao (Capital),7500
Autonomous Region In Muslim Mindanao (Armm),Tawi-Tawi,Mapun (Cagayan De Tawi-Tawi),7508
Autonomous Region In Muslim Mindanao (Armm),Tawi-Tawi,Simunul,7505
Autonomous Region In Muslim Mindanao (Armm),Tawi-Tawi,Sitangkai,7506
Autonomous Region In Muslim Mindanao (Armm),Tawi-Tawi,South Ubian,7504
Autonomous Region In Muslim Mindanao (Armm),Tawi-Tawi,Languyan,7509
Autonomous Region In Muslim Mindanao (Armm),Tawi-Tawi,Sapa-Sapa,7503
Autonomous Region In Muslim Mindanao (Armm),Tawi-Tawi,Sibutu,7510
Autonomous Region In Muslim Mindanao (Armm),Tawi-Tawi,Tandubas,7503
Autonomous Region In Muslim Mindanao (Armm),Tawi-Tawi,Turtle Islands,7507
Region III (Central Luzon),Zambales,Botolan,2202
Region III (Central Luzon),Zambales,Cabangan,2203
Region III (Central Luzon),Zambales,Candelaria,2212
Region III (Central Luzon),Zambales,Castillejos,2208
Region III (Central Luzon),Zambales,Iba (Capital),2201
Region III (Central Luzon),Zambales,Masinloc,2211
Region III (Central Luzon),Zambales,Olongapo City,2200
Region III (Central Luzon),Zambales,Palauig,2210
Region III (Central Luzon),Zambales,San Antonio,2206
Region III (Central Luzon),Zambales,San Felipe,2204
Region III (Central Luzon),Zambales,San Marcelino,2207
Region III (Central Luzon),Zambales,San Narciso,2205
Region III (Central Luzon),Zambales,Subic,2209
Region III (Central Luzon),Zambales,Santa Cruz,2213
Region IX (Zamboanga Peninsula),Zamboanga del Norte,Liloy,7115
Region IX (Zamboanga Peninsula),Zamboanga del Norte,Manukan,7110
Region IX (Zamboanga Peninsula),Zamboanga del Norte,Mutia,7107
Region IX (Zamboanga Peninsula),Zamboanga del Norte,Polanco,7106
Region IX (Zamboanga Peninsula),Zamboanga del Norte,Rizal,7104
Region IX (Zamboanga Peninsula),Zamboanga del Norte,Salug,7114
Region IX (Zamboanga Peninsula),Zamboanga del Norte,Siayan,7113
Region IX (Zamboanga Peninsula),Zamboanga del Norte,Sibuco,7122
Region IX (Zamboanga Peninsula),Zamboanga del Norte,Sibutad,7103
Region IX (Zamboanga Peninsula),Zamboanga del Norte,Sindangan,7112
Region IX (Zamboanga Peninsula),Zamboanga del Norte,Siocon,7120
Region IX (Zamboanga Peninsula),Zamboanga del Norte,Tampilisan,7116
Region IX (Zamboanga Peninsula),Zamboanga del Norte,Dapitan City,7101
Region IX (Zamboanga Peninsula),Zamboanga del Norte,Dipolog City (Capital),7100
Region IX (Zamboanga Peninsula),Zamboanga del Norte,Katipunan,7109
Region IX (Zamboanga Peninsula),Zamboanga del Norte,La Libertad,7119
Region IX (Zamboanga Peninsula),Zamboanga del Norte,Labason,7117
Region IX (Zamboanga Peninsula),Zamboanga del Norte,Pińan (New Pińan),7105
Region IX (Zamboanga Peninsula),Zamboanga del Norte,Pres. Manuel A. Roxas,7102
Region IX (Zamboanga Peninsula),Zamboanga del Norte,Sergio Osmeńa Sr.,7108
Region IX (Zamboanga Peninsula),Zamboanga del Norte,Sirawai,7121
Region IX (Zamboanga Peninsula),Zamboanga del Norte,Jose Dalman (Ponot),7111
Region IX (Zamboanga Peninsula),Zamboanga del Norte,Gutalac,7118
Region IX (Zamboanga Peninsula),Zamboanga del Norte,Baliguian,7123
Region IX (Zamboanga Peninsula),Zamboanga del Norte,Godod,7124
Region IX (Zamboanga Peninsula),Zamboanga del Norte,Bacungan (Leon T. Postigo),7125
Region IX (Zamboanga Peninsula),Zamboanga del Norte,Kalawit,7126
Region IX (Zamboanga Peninsula),Zamboanga del Sur,Aurora,7020
Region IX (Zamboanga Peninsula),Zamboanga del Sur,Bayog,7011
Region IX (Zamboanga Peninsula),Zamboanga del Sur,Dimataling,7032
Region IX (Zamboanga Peninsula),Zamboanga del Sur,Dinas,7030
Region IX (Zamboanga Peninsula),Zamboanga del Sur,Dumalinao,7015
Region IX (Zamboanga Peninsula),Zamboanga del Sur,Dumingag,7028
Region IX (Zamboanga Peninsula),Zamboanga del Sur,Kumalarang,7013
Region IX (Zamboanga Peninsula),Zamboanga del Sur,Labangan,7017
Region IX (Zamboanga Peninsula),Zamboanga del Sur,Lapuyan,7037
Region IX (Zamboanga Peninsula),Zamboanga del Sur,Mahayag,7026
Region IX (Zamboanga Peninsula),Zamboanga del Sur,Midsalip,7021
Region IX (Zamboanga Peninsula),Zamboanga del Sur,Molave,7023
Region IX (Zamboanga Peninsula),Zamboanga del Sur,Pagadian City (Capital),7016
Region IX (Zamboanga Peninsula),Zamboanga del Sur,Ramon Magsaysay (Liargo),7024
Region IX (Zamboanga Peninsula),Zamboanga del Sur,San Miguel,7029
Region IX (Zamboanga Peninsula),Zamboanga del Sur,San Pablo,7031
Region IX (Zamboanga Peninsula),Zamboanga del Sur,Tabina,7034
Region IX (Zamboanga Peninsula),Zamboanga del Sur,Tambulig,7025
Region IX (Zamboanga Peninsula),Zamboanga del Sur,Tukuran,7019
Region IX (Zamboanga Peninsula),Zamboanga del Sur,Zamboanga City,7000
Region IX (Zamboanga Peninsula),Zamboanga del Sur,Lakewood,7014
Region IX (Zamboanga Peninsula),Zamboanga del Sur,Josefina,7027
Region IX (Zamboanga Peninsula),Zamboanga del Sur,Pitogo,7033
Region IX (Zamboanga Peninsula),Zamboanga del Sur,Guipos,7042
Region IX (Zamboanga Peninsula),Zamboanga del Sur,Tigbao,7043
Region IX (Zamboanga Peninsula),Zamboanga del Sur,Margosatubig,7035
Region IX (Zamboanga Peninsula),Zamboanga del Sur,Sominot (Don Mariano Marcos),7022
Region IX (Zamboanga Peninsula),Zamboanga del Sur,VIncenzo A. Sagun,7036
Region IX (Zamboanga Peninsula),Zamboanga Sibugay,Alicia,7040
Region IX (Zamboanga Peninsula),Zamboanga Sibugay,Buug,7009
Region IX (Zamboanga Peninsula),Zamboanga Sibugay,Diplahan,7039
Region IX (Zamboanga Peninsula),Zamboanga Sibugay,Imelda,7007
Region IX (Zamboanga Peninsula),Zamboanga Sibugay,Ipil (Capital),7001
Region IX (Zamboanga Peninsula),Zamboanga Sibugay,Kabasalan,7005
Region IX (Zamboanga Peninsula),Zamboanga Sibugay,Mabuhay,7010
Region IX (Zamboanga Peninsula),Zamboanga Sibugay,Malangas,7038
Region IX (Zamboanga Peninsula),Zamboanga Sibugay,Naga,7004
Region IX (Zamboanga Peninsula),Zamboanga Sibugay,Olutanga,7041
Region IX (Zamboanga Peninsula),Zamboanga Sibugay,Payao,7008
Region IX (Zamboanga Peninsula),Zamboanga Sibugay,Roseller Lim,7002
Region IX (Zamboanga Peninsula),Zamboanga Sibugay,Siay,7006
Region IX (Zamboanga Peninsula),Zamboanga Sibugay,Talusan,7012
Region IX (Zamboanga Peninsula),Zamboanga Sibugay,Titay,7003
Region IX (Zamboanga Peninsula),Zamboanga Sibugay,Tungawan,7018
